CREATE DATABASE  IF NOT EXISTS `register` /*!40100 DEFAULT CHARACTER SET utf8 */;
USE `register`;
-- MySQL dump 10.13  Distrib 5.7.9, for Win64 (x86_64)
--
-- Host: localhost    Database: register
-- ------------------------------------------------------
-- Server version	5.7.12-log

/*!40101 SET @OLD_CHARACTER_SET_CLIENT=@@CHARACTER_SET_CLIENT */;
/*!40101 SET @OLD_CHARACTER_SET_RESULTS=@@CHARACTER_SET_RESULTS */;
/*!40101 SET @OLD_COLLATION_CONNECTION=@@COLLATION_CONNECTION */;
/*!40101 SET NAMES utf8 */;
/*!40103 SET @OLD_TIME_ZONE=@@TIME_ZONE */;
/*!40103 SET TIME_ZONE='+00:00' */;
/*!40014 SET @OLD_UNIQUE_CHECKS=@@UNIQUE_CHECKS, UNIQUE_CHECKS=0 */;
/*!40014 SET @OLD_FOREIGN_KEY_CHECKS=@@FOREIGN_KEY_CHECKS, FOREIGN_KEY_CHECKS=0 */;
/*!40101 SET @OLD_SQL_MODE=@@SQL_MODE, SQL_MODE='NO_AUTO_VALUE_ON_ZERO' */;
/*!40111 SET @OLD_SQL_NOTES=@@SQL_NOTES, SQL_NOTES=0 */;

--
-- Table structure for table `currency`
--

DROP TABLE IF EXISTS `currency`;
/*!40101 SET @saved_cs_client     = @@character_set_client */;
/*!40101 SET character_set_client = utf8 */;
CREATE TABLE `currency` (
  `id` int(11) NOT NULL AUTO_INCREMENT,
  `name` varchar(45) NOT NULL,
  PRIMARY KEY (`id`)
) ENGINE=InnoDB DEFAULT CHARSET=utf8;
/*!40101 SET character_set_client = @saved_cs_client */;

--
-- Dumping data for table `currency`
--

LOCK TABLES `currency` WRITE;
/*!40000 ALTER TABLE `currency` DISABLE KEYS */;
/*!40000 ALTER TABLE `currency` ENABLE KEYS */;
UNLOCK TABLES;

--
-- Table structure for table `event`
--

DROP TABLE IF EXISTS `event`;
/*!40101 SET @saved_cs_client     = @@character_set_client */;
/*!40101 SET character_set_client = utf8 */;
CREATE TABLE `event` (
  `id` int(11) NOT NULL AUTO_INCREMENT,
  `name` varchar(64) NOT NULL,
  `dt` datetime NOT NULL,
  `regstart` datetime NOT NULL,
  `regend` datetime NOT NULL,
  `info` varchar(4500) DEFAULT NULL,
  `price` decimal(8,2) DEFAULT NULL,
  `currency` int(11) DEFAULT NULL,
  `minmembers` int(11) DEFAULT NULL,
  `maxmembers` int(11) DEFAULT NULL,
  `usrid` int(11) NOT NULL,
  PRIMARY KEY (`id`),
  KEY `FK_EVENT_USR_idx` (`usrid`),
  CONSTRAINT `FK_EVENT_USR` FOREIGN KEY (`usrid`) REFERENCES `usr` (`id`) ON DELETE NO ACTION ON UPDATE NO ACTION
) ENGINE=InnoDB AUTO_INCREMENT=191 DEFAULT CHARSET=utf8;
/*!40101 SET character_set_client = @saved_cs_client */;

--
-- Dumping data for table `event`
--

LOCK TABLES `event` WRITE;
/*!40000 ALTER TABLE `event` DISABLE KEYS */;
INSERT INTO `event` VALUES (68,'vxcxcvzxvz','1212-12-12 02:00:00','1212-12-12 02:00:00','1212-12-12 02:00:00','xxvcxcvasdfasdfas ddfgsdfg sdff gfg fg fgsdfgsdfgf fg ggg g gfsdfg fg gfg gfgfgf fgsdfg fgsdfg xcvbjg rtyufbvn fghghhh dfghg hghghd gfhdfghdfgh ghfgh dfghghghgd fghdfgh ghghghghdf fghdfg ghghdfgh df',NULL,NULL,2,22,1),(70,'123','1212-12-12 02:00:00','1212-12-12 02:00:00','1212-12-12 02:00:00','dfgsdfgdf sdfvxcbcbcv sdgwetdfgdfg sdsdfgdsfg',NULL,NULL,1,123,1),(190,'Event with many fields','2017-01-01 02:00:00','1212-12-12 02:00:00','1212-12-31 02:00:00','This is a event for testing all UI with many additional columns',NULL,NULL,1,123,1);
/*!40000 ALTER TABLE `event` ENABLE KEYS */;
UNLOCK TABLES;

--
-- Table structure for table `eventimg`
--

DROP TABLE IF EXISTS `eventimg`;
/*!40101 SET @saved_cs_client     = @@character_set_client */;
/*!40101 SET character_set_client = utf8 */;
CREATE TABLE `eventimg` (
  `eventid` int(11) NOT NULL,
  `img` longblob NOT NULL,
  `name` varchar(45) NOT NULL,
  UNIQUE KEY `IDX_EVENTIMP_UQ` (`eventid`,`name`),
  CONSTRAINT `FK_EVENTIMG_EVENT` FOREIGN KEY (`eventid`) REFERENCES `event` (`id`) ON DELETE NO ACTION ON UPDATE NO ACTION
) ENGINE=InnoDB DEFAULT CHARSET=utf8;
/*!40101 SET character_set_client = @saved_cs_client */;

--
-- Dumping data for table `eventimg`
--

LOCK TABLES `eventimg` WRITE;
/*!40000 ALTER TABLE `eventimg` DISABLE KEYS */;
INSERT INTO `eventimg` VALUES (68,'\\\0JFIF\0\0\0\0\0\0\0;CREATOR: gd-jpeg v1.0 (using IJG JPEG v62), quality = 90\n\\0C\0\n\n\n\r\r\\0C		\r\r\0,,\"\0\\0\0\0\0\0\0\0\0\0\0\0	\n\\0\0\0\0}\0!1AQa\"q2#BR\$3br	\n\Z%&\'()*456789:CDEFGHIJSTUVWXYZcdefghijstuvwxyz\\\\\\\\\\\\\\\\\\\\\\\\\\\\\\0\0\0\0\0\0\0\0	\n\\0\0\0w\0!1AQaq\"2B	#3Rbr\\n$4\%\Z&\'()*56789:CDEFGHIJSTUVWXYZcdefghijstuvwxyz\\\\\\\\\\\\\\\\\\\\\\\\\\\\\0\0\0?\0񯅟 \\<X}h<\0:\_\[Ǐ:m=P\ZnU?\r\K\\o\<K\x\\\H\\'ExS57b\ׅ\I$\0:\C\G\4\T\\9\\#EP\mJrgKe??3\0m\}_6x\Z/\\:Ʀ\\9b˩\\*:Ś\\Z[.|%eyG\\\Kied\0+\`K\̾\'6+@\l\ұ:x\\\\\/+\(\*:\0xNnٮ.21\\\n=y`i\'\?ة,?aX/e8|W\\%T@v{J<\\\o\݌\}k\?a-WP\<Y\uw<\\\͐f\\\Ǔ\{7\rO.Lm,<\G~WmG\[o\\C\1B}\]\7\"oL\\v\+S\Χ/ďDuu	Uq=5K\\\fo^1m(<0_Z\\~ú;\ђAxaT4\u)\ZQ\v\0\Zz꺃c:\\\\Ye\"5\\zb\ȿb_	Y9\\\\"K\O\_&\to\p5\v\XvyV`\\\r1\\0~:\'\O\dl\V\0\Ɖjx\\0=jt\$u\\7_\5R~D,\\\ 6G_\G_-Du-&\\5KiGr\0\3ǆ}FS]\\}|\\0\Ztɷ9#~OS\\\j\f	Qʵnu!X\"\rj\n\Z.1I+\Jt{\>R+\=hN\c\OiU\}˅{\Z\M|#l\pRX\\\K\0#\\J$\\\\\UO.\\1:ةF>\\?d\k\"\\72\0x\RE &U2w\r|=5Ƣۿo޷\?5\07@\0\f\0\Z\\1\A)\/w\\\/\sV?\'%Q<1!\\	<\֣Po\P\]lu\\\\K\KK(Ư\ᷔn3A_񩮿d\rN\\jL\ZQ//\}\\Js\\j7\.x=\5KnR\O\]ժl3\\zU/dQf|d2ʷ*[\_vNZ\|\\\^^1ۡ,KY\	.Oq\\\1\ns\\Z7	BuݼA<\r.\3+<9@OBi~Ğ,w\<i\\\s\"ٸ9v\ڧ[ğ\"\S=I2|!\<\^T9O\7,MaM\n%\\\(:v<=\	|G\\\r\\]W\\\\<\\Y0\ּ\r\&\@6\Y9\0t\Q8Ӝ#7;J3\PS]3֮`;-\Ɍ\tVO\\[FtxVѾ-Eyil\h\(\'d\\\\Z\?^$ \\\t\0\SV*r\\e\n\\#諯\\,\l$$?\'|G\<3\8%N2+\\\s\ \w[\Vp\z\$|SNx?\3\fF\F\'f_[Lsr\0]e\\\\el$b\\\f{t\?\5\~\^0м^\a\\6l,\\nI#z\~\"Ե\\Z0ʘ|-J*7\[\\-ūhL; qw\\\\rK.|f[=gWFkC)\Hv>V\\\\7>y\Z\^\\YAYx\|ɩi:׀<H\\I.X\В\n0>c3\Z\\E✨-$W=঱?/\'a\\Ȩ>~\T\\Ԯ՚\\I-I.}\kɼ;7\\\Z|Im^\\*\0)h\\`\\\\\_\\0	\\:w\0\kj>\\\pY\).\W\>\_\\\\*ñ\"MVA\<U>\\ƹ\\\$>\kS\0\ק|(O\MT;\\I\\0Zڟ\s\tU0XJw\>\\\~\'9\u	\fq\\[~8\`ּe^۸	\%6\K+\Z?μk&~Bȱ*\9bŔ\a\[:~-\_4U\b٦lC=گZi\pc\\ek2V\#@s^\0\\JTmY\N	\EtC:38\\r\NӀ@5\\.\Ëf#@\S\w\_g\nk,\n\3n\#\z|/jMo\,M\bFbeQڽa^>KĒ(J\\0\neUkD\'\ʫ]\1k71,\_\0|Ww\R\/\]\\\ǅux\tIe%e\O==qZ4\\+S|\eۧkS}b.P\c)\qZV b\\\\B\׉|{-^\%\\Z{HqOKVπY\0	eM\1ɜ+;E-\\O\<GP\\[\\_,M\1\3\i<Ӗ\\0sX\\t\8\\y\\\>\Z~V}>H9܄b\G\sDy@\\W\\ޮ&9Pu-o\7\~?-b\á\\\)?qy\\	ʸ\\Ε7?ex\FG\0[\\ՋÌp0~CT}V:o\\3\0IOֺmC\3[)^ppF+kbl=\N3ٔf\n#p+\{\\(\\Zr\7\"1=k\\0f߈W¯\\Z\\\&uB\\jқQŚBUpU!wfiө\\\Ur\5\_n>\Z\.n!Q\\\EV\nۓX~7=x\0^Wեk\@\\{mV}Ckg\0QI\&e\\\\S\"*u\J\z%\\AI\\Y\HK\j\\^\r&M\XA\}s{?\+n۟^֋٩q+T&Ol5=<\H\8Cė-\Ҝ\+\')\\\\r(n\caO\u\\c\#\1\;W%[׼?\4{SX\5\h6\\\RrJ\3\\\\\\\;\S(\i\'\'\\\\6\0\O>+\\5\0k쟇?\0g߆zY/e\ZH\ +\/\Z凈&xS\$E\\\#p\'+y(1N#V\h\_\o|[Ԧ\mc\h\0s^\i\r|F){{(\+g	\O\N:\\\|R\0L\K_\ioMQj\ӧJ\k\ck㥆\4Q/\ᥬ*{k94\7\y\S\\0kwPǧ\C*\\(\ס-V\\0\Y\u\o虜<\\ ^a\rX2r:ga\Ũ\Y4xOZ*W״$]\YY8e$>4\!Q\E\c#usҼZғꉐ\1\zՅ\'`\\\V-\Hv9\i.\ѡrJ\\F\LVB\\*扡Iw\"\\_@\X\h?\qɭ)\sv\\3\n8:|\zg\\wz\\Aoi$ҹ\0*)<\ԟ\red!\\\7٣c5\~sx\\"C>\5\{WF&;=k֧J4v~cϫ⛅/v%]\ZG-\\r6\+u\F\ׇ~\_\\k\do\v`X60e#\-#H\G\\g_\\\ď\7Z2\Ӽ?#閈:(Sūm\3\4W\?sPյ+i7${W\R:]4\'\E\e\\W#\\\_	$].}g\slIX\ֻ\<gY|M]C\\Z\(\Z\vȊ\$\\\tfw[\Zӏ=\uZ<kLk7xnܲ\\X\\\dP1L\\Z\I\\	lg!FpM|\ohҦ\\\AZ\\\)l|\&:s۽};\\f~\"DK\uMf\\iԒQ\ \X2̀Oq\\˙(:yf\]\i\t\+_X\ (\4c\?z\	+\Y%Y\><>-\g\\\o\ZKKk		\isW\\Wÿo\0_n<;Zi\i\RxKIq|!\H\\:\Z\U.}^\\\<aS\Mc\o\sҿi\#a\H`\\A<ޠ\n\^\\8\}\	ֲ-G!隓<\Yr*C!\3Y݉$GS\5VN\-\\F\U\\Z_#FsT\֚\ ~\f\\-<\W\>=Sr\X,\W\\r~\t\0\=l2\>e\Z#=\\\4OˍWJ՘\\zW/qY\!~.\wZLS^\kT}ǿ|\/\c3C\H\n\4?L\*8\sE\q$\\OC.\W\\v2-\m\\\H\Mt\0\r\'|qxv)<\.fC\ь\n\\"NNk\\0f#㯄9Q\0\MmI\'$ǎ(\\\Q\"m+ূS1g1\}/\җ\?\Z͸\0~xq\Z<\G\ֲ7?l\'BӏQW}xxY\5\r3Q$\!\\\W\\\\Q*\B\ZJ2\\03|^l:+܌\\^4ς|Sh\\VS4R4G\ȯ?b_\?%\5\F\Y;ȯ\re\\پsֹ](T\c\\\c\'$WC\\9>\y\0\\\3\\\\\\g]k\\aS[\<\s\0e<\8ǟo\xL}xU\\|{w/;\$\,rG\\Z\3pqg\P\X٤\\0C\?l?¼\|+\\	˦Y\A$(T,N*\\=?؟s#\ri\&|+\'\z\\Z\o\]\\MB\Pwp\00j&\58k\<;\\\q&ng\\\cM$ҫL3Ɲ8\\[\Z#!\~T\|\ohm{*\r\k\\\\\0kZ\;lP){U:^\\\ycOIɽFδ\\Fee\0\W\\\EV֑,񍪊0M\ZCk\\n,q ڨ\0\Uel[݄yb~?\\\\sC9\\\g\"@Ll-b\7(8\'>~Ӛ&iܝR\;\\0-[6\A\WΟ?c^)קZjS\\\D\:\U9r\J\v\J\줽`\Z\\r}\/ٯ\v_IKsn:\\g%Y\=~\\0>\v\XY[]x;YfITA\Z?F=\&\0\zynyՁcY[\M{u9rceBDە\`x9O\\Zα$_n\\/|\\N̨GB\X\<\'\Z^>uF\\\\tʴ9\\-^h\\0Ln\\աҠ&r>y	\\`VV\?|T\\Rҡ{x1\s\?g\ثY\\vpkO\\'\\O\n\q5{Q4 ǭsK\\1J\Lcğh\tk;]3\63ZL)\e\\:6=5\\Zg\\'\\'ҿ,ho!>ߧ籉\H\0Kg\$W\\Zh~-mR|+gɔp\\6yR;\J@\\\vLT8\QF\7\'B\hO:bܛpn\қ#\h\YC) ^\\S\!t~i-\\{`ޤIFz\ߙYx|EL,\Jn\\\|>s\"<n#k\/lLZ\"\F\ŖR\\\*.^%Q\\k\9H\<lC)\^}Jn\g)ͣ\6\F\A^2\\{x?\)3gR9\	,xgT\\[K;Lm#5=&z\\\a*(\\g~\\ZcZ<\,X1^p*\5ۊ\Ă3x\n\v[v>I\\0\\\ϭ\)[\}\zW\'{s%?ⵉI\~\\r{n3rg\Q*p\З<U9\\Z]u-BT\m\#/\0\\\π>x?Ƣ\>\'U\ *\\\sҾ2e>92?n~\\N\\\+*GN-.U\O\>%`3O?ξi\\x\]-<k\7\k	\_־c\\0\_c>\6\%T(3\\EO41\H\0ѩ\\nG\gҖ27d\p}JM}Z<\t\ZnePC`zV=\\\'{_\^0׭lBK\\^\\F;\CM\Z$z\\\5|Mx5=A?\Us\0-}PX[\,0\\" \0Vw+O\n\\m\\ܚX5\i?\b獬\\'Bɔ\u$\Jtgq9ZmG\ԑu3M-ilqglg\0zU5b[oBv\=1\k񿍡Ю!\4\V\p\\Q}k\^i,\rb\"Ӿ\\\\T@q\]/x\n\\\̒\2\\ׇ2\q\W\:#\\'c\\\\o\ǚs\kv\is|h%(\d\0ש\\r:k˄XJ\.H\ \\\0\?\\xo֠B\Ts\1v\?\\\\G\B^͟ie\0=+pЦ\=\߃\\~.\\#\`g,Sv\k׿b	\J&iֺeŒ]\i\B\bCp\|3\m\*\\5=}g[\s\G\8ǰ\\W4\);!\+b埇\#$VCam#S0	\2}\;\\\0:$Z\\&\-K\0Ȍ\\Z\<e\Oxf\0CI\-m9\*{@W~\?i\U\l7m>R݆\\\\e)sn~_᧎\0j\Z,Fi\&	tJ|axLLnM\^\Xu\B\+xa\X\Hg׊O@n\̍\~џZC a\4Dq\\i$AͦGےNi%~z\E\x\rߊsP*_/\0\\FbPW9\W~џ\ִټA[F`{\\JB2`X`8\"\kGFS	QU?\'C\q\\/\K;	\}}R|\0gRUӐxۂ#\_\[L\]\O5\UɡfU6j\ќil\-I\ޑ\i\d\'#ކ\c4\\\\\ֱ.\}1+\||\|i\\\Z\?j|}|$g,~WO\0\@ZC\O\\-e_*\\"z):\Zw>%\Z3\\1\\>**~Qf?|m\0\\\0\C:QξR\\0\_\\0M\09\r\0kb2R?\Z\2\9\U\x\*U\\\r\T}]\\|!5\(\0\\%8|5^Rn|ÔN\񯙿f#\^*icͭ٦\'~&m0Tm\0p+ҡ>\<G:.\Q\ d\C|V\X~ctj@\jjӜS9zbHͶKJYc3\$ye+\\"&\:\N\rU;o\\Lb\\`\'\ܞ\.ԧ񿈓\\Z\\\\P:ɯ\B\"g+l>V\0Ŀ\iV>\Z\\m](\v>y\\3%EA\}W2E\)\vC;?)\`bRVҭI{Ij\$\1q?\\]]Hga\"y\U@\0W\\0x{\g\\tx\1b㹮{\OƟ|d@t\y7\Zm.c#\=E{U\0\\iGݑSnbJHda>\[\\P\ypjDtF:Q\N\#NYdpe<\=\)\\'yw|sh2\ɇ\H&;ض?|SҾ B\"-cƛ尜f\0i?buԤ\+ٵe;I\\9L>n9/.D\J\ށ\lJW\'ҙ\\e\N)7\\"bD*h)$nqޚ PP\\@lҖE\9Ed8S:Ɯ2E-d\\j7\Z\\\Qpf7|%m\\r]\j\\\[\ό_|1^ZMǅ`¿Sد?k\q\zd^\"oP\"M*>\{)?v_|2mA\0I\\]wet\)\L1r+\zR\\(_\#M\\q?c|\0ӿ`Y<\\'Fh\'տۊ\0Fql?\jgr\0\{\z[ \r|\g\\p\\z\0k\\'xO\Z\0\FGJ\^\f\J\0lG(Nk}ONk\u^5\\0(\04\4BL\g\y${X\ʍI\ٯ\]<{.u\0$9\\n	Xne+8#SA$dR[$~ZVU%Աw\ޡQdu\}Ẑ|Ԩ\0案\*L:\ni\ȰVv\sK\	64\I\\0t\0\Ց.z1ּ\\H>6\M_o?CC\Ʃ\\\\/CCᆓ{ߌ\Zƪ[@ǋK@~H\~\φ\|?s\\Xj_k+U\\ð8\\\_B\@\\0x\0U\"#s}4&\\irTRYsɳ\rJH\'Y\.dլ|3#\`zv+57\\j\1\0\YU$v]͌Ǡn׸g|Ŧ\\E\Hܚ*\\G\Nk\\|\\;Aya2b\U6<\\'\7\'>\R,RjZ3/SCU[\áe\yOL\0ZleV<\\g\v\߉\$\r\\E\߷rzソ\ϥ}}9Gb\\d/\_;Zf\x\0C:n6٢9\*z{\rx|}\\'m[̼\\Ig\[\yr\r}=\]\\\4	~Y#eXt ڸgmM\VtA\\0#\ړx\\I(SY\\\\YT\Q\W[jv\\$H\h\C:~\v\"\LӄXj\\\[̀\0OTⱴ\\QZ\\HZcaxn\\	\sӠԥΩƝDW8\\i\@\) 77F.s\\\X_]\\\A\\\p\)&Z<r@z\tzlk@/Ust$\Z܃֬\\\\G\!;j\wcҭ\k٤G/jW5+\5QTf>v\n`zPX\J\0#9XS\\(TKC\\铨t8\\1RgUE\M\2\~Td\o\BZ6\r\z׆\\3g\\4v^ ]M_\[ \ d\O\\?z\qY\BM\{\.\\7@Lg1M\0\l\\B\\63m	\rs\0\\\z\\3]W\\\n\؛(	\0ǫ\r+P\\\o\OL\0w\\0\ZvW\0jl\f\0u\\-\&?h?\\\0ЍeWp_5ĿAts4H#>\\gᏵx}\)rp\'=\WDЗN=\\\4\r\41\ĕ\ZQ]]oaޛS.d \Q+n\c\;\0ʊQT\0TJSZ@9ʜS[*8\8=eK\&q;dV\_νLm\z\]+IN[\\2՜?J\\d\2Ӹ	8تIʺ\Aa#p\O\\\dU̗\?\8kNFG몍5g<И\湿>\>#^A_\Iч\=H\pA\\'\\?\\\	l\Z\ٖ\\{XBIco\}r)J\\\1\X\0]H\cݏ&\ZH\"\[\"V[{\\ҿ\vs\'\\\/o<?+ᆥAi>?\A[񭪵Z:Ik47t\\\[k\:^*!\69ֶG5\gfZW,\yr瀪zk^Zjmo^[B\V\\\ö\s\\:|:z\N+\I\ohWKaI\ӵ8 3gGF\׮x\\\\}U^C\\;D\\\0=Ez^\_\76\5\\\\\/%$\{\uyt{\Ƹz\\\\\L+.Y\{}I\"FuԂ=Aj\}\3Ҿ]eoۥ+\an\0ѯg\ܩJ\|B\yo#\\\0\Z\6\};zPh*y\\ꍖ\\'+ҟ\"\p\N1S\\⢕RTq@66bz\n:RPCri\5R\rҐ\_F\\QKd\8#0|mbb\\#Yeݾ\=_?,M\0.\sX\\L/q\rFtΣb?i%\0\\rvj\0\r\\0?j\b91Ixd[W{v\0~>ݐc8\0z\\0	߹\\t\/\\O\'k мpY9?\Į\=[i\V\\\\;\<E\CyK\f)\/\Z\Y\Zi\\v9-X5\:\QǧJ2)\'cD>l\\A\O_ٟ4PҜZ\yJ\_EtH\0-*\\|W\\5n͟Z\"%h7W\և\\b¾G526WjH\\!e\G\^j`q\s&\\0kz~xN\K\\\\\I(v\޴Qw2:\`H1䃴g2+w4\	xJė3%Λo( p\h~ȧ\')G\AZ	}giY@l$2\\q\5M;ظųKo;\9\(MuΡ9ɯ<U{\뗷V\ӵ\ۭհ\L8\Mz˺D\\S]9gpJ	<be;\oZd\\lK͂jڹ*q|3kM\\M\[&\+\5\\\rrn\0}6\W\%;\Z\\i\'>\\Ԫ_X\vc\\\SWo\_M\_\\0\n\1*?\0½\ZIR\FTrO\{j\\U{m[e\M׌IjIwpx|\\Q[I\nGv\73{3WB\y$îЫذ.]T\L6t\2\F|\(\!c\z\\\\\򪢪B*rm\n;Ե+}?\\E@>f=*\$\0%`ʄc`\\r>&VuW2G\0\?`մf\ʺu;\\rΡo3h^!Eں\0\\*\0\Zy\\x\'MB%1yѐZRܳ\\;\n	p\Ȫ\a!x踬\SwZ\iIbZv%>\zV}\\\n[ڬ\Uw{pcJnҽArJ@9\\55#t!2zsJc5+)Jf\{\\\\M\<li\Mz\\\ZO_\_\0ƺʎ\7?MUxj}O(W\_46LΑy@f8\P\_ۓTow\U\vp#ak\\\\4h]\L\0\扶QQ\z\\{-ޡ<r\HK1\-:ʜ<\\\\N7\i\Z#\*{yb\\'##[[\ROSW-\=\\2E$gcԯ/\1G\0[ eݶ̡\#\\_\+\!\\^\qZH\CsO\R1ȥLT|*ؑf\Q\VbI!8\\Pm\\bUGs\\~t\׋|m\kW\4V:\\\\\<`b w1\\_d\p\b֯쬴KSM>SQ%N:W\g\+\/ϨCo2\A;\\p<\i\ZB=xZ馛i\\\0ŨkGM\mFoM \\~\\S\\Mi4\r>3X\\\z\\{qr\068\渽KéGG^56lr\#\\\m<C\\r!\Z}C\VѦ\'q$ǁ\56?[~x\Ꮒ#֘\Hl\ws;|\CNK[ctII\*8\\7gVskH\evV\0g\{WQ\R\\n\n\;xvk)$v\~\?iHiڏxK\+E\VVY\"\9,\u\ʵ:9yG|^\\\0>\QH\f\W\Ԟ~oѿO>4I\Xj\\\a4H\\7H\=rp+k\ĺ\ڵ\\R\&f\':*`:\h\\\5+HcPA!k`&\c	\\\\*z\ezOBj7\quZ\\\=ӌGn\\3_\U\wWv\-͂?H\\u \i^/{K\6K/L2Yp\_x\\N\Tڌe\ZI=\npFt\\)1\\\\\35\\n`NG?J\\\\ȷ*~vS\"\#\0\\j2^\\5\U\\\0\Ҫ\L隖2ŷ\\\m7]U{\R\A\iY \\\Z\n\\!&l櫜W\\0qS\H+Jр\\\"\\nj&bI4\\|s֩;a \Ȧl2)TpOf\\\tiXҚ~\\04HD\Rx\\\\0\ҿEg\9\0i\D4\\?M_\W\_\o\+SM\Rr}jv\ڭ\=Ը`8\zkǕ6?nvgӿ\\\g\\]{8\\#IA^Yɤk\}\\,?k_	\0\0%\|e\?k7k\\B<h\**إcY\\ԯWQs\	?\꿕~Ox&\G \4u\>[E-k+DGV\wG\]/v]?Sԟ\`p)g\5D>V5\C\r!N\0\O\\"G\\\m_ź\Q\b>\q.:¯\\\\-#\\0zO\\\,%\\{0\"Dp\\\7ox\G\Ai&0\@_Ǔ\\OkV\\\&\pė9#yĞ3L7MivWuV:\\ \`\\zGv-6:b9\nJm\{\b\^+\nC	\\0q_Hÿ5\њ=\\K\v\w\nzF\0$k\3úM\\n\;\[4RܰoR+\?f\ş\0.5K{_oQD7QO\ZmN\\zӎ\\M\\?h\\l R>\\ʲU\\k$R!W<cּ_\/\G\sii\nW[\'0\\\\ٹ\\?x\\[i\F\\\=_\\\kK?v\\u!{3ƃ^A<W\\omg\X\%F\ma\\!.}\cķ~.ޒ\m\\\\0$f8#\Z\}k]\\0\ӧӴ!I|Q$ n\N\;gמz\<\wkTTj$\<cwk\x_PkGTt\*gx\%\0\\|SljJ\V뇐\%\\`~\_-\4մ+AYG0y\'F\\z198\_#xk\7\O\&bX\F\oc\u:sJ\aVq\\\,44g7f9wf,\n\0\|\n7O<\\\q\k7[\b\ndi6c\z\rIjrn\=FaqkDg\[&Qb_LUSm\n.ǟ\\AV\Ҽ\\zi$XVT \M\\\\ɤb\\r\`1\\\0\ȨrRw(e@@\\\b\0\qChQQ\2\V]\Mb\ҙ\\02Csҍ\n\'z\0G\"3g\5AjF\ĺ\9i\G\]A4\\L\[Hߎ\_?As\\<s\X\o\\p\>j9_\ g.wut\\\?t\0/m7\\\#B\0G\\\\"%gS\2\'\\'\\0S^\lE\&\\σ^	\m\8\MZY&\\N	X\^6\0y?_x\R3\@?m\0\͡x\̀qɯ|uk2E\0\e?C<\\\o\"׆|8S_~ž&Y\5M-\\uYn\r~t\DJaNzV\|oJ\\\\'ц?gF\\}\Y[t~\0ilp8\\E |Wk?Nヨ\n=k\?\Di^&7\"\!\j\t\0@=rkxc޹\(?Sֽ\nͧ\BPB\}N\[S.\G\ލj6Z\\\}\Z+tuTI%7\*ŏ43\eYj\\D\i!@\I+[JvW\_\+Kɒ\\0\\xne!V\\\z=kѴtcc}\\\WR\@;\n08\I\Ε;\/\_6Z\\ڏ\oIT,g\G\T*]ƥi:\i6GWAX?t \'s~\Y\\>\\\\\\-\;IO\\/\nx\"R\\\iN\Z\j	\)\0\g\x\ʛ+]\|7\V8\i\P`\0\c@-Օ)qI:\f\48,=\~L\6:ݳ\p\\6m\>bW =+i\v՞mou[\,\\>c19\Z\g\[\rNj\~8\-w[\<%\\!UMC\fo-\x\B\£\^m\\IqZ].]Z1\'~q\\\\'\i\i\[nKmMVo\Fq\nFk\5O5b\ZU$eێҰSv^U\\\Iwվ\KZ\\\\(\\0epk\о,	\\uM\\Z\5\r\\K2}ך\N{\]\\\bmN2?\\*\5仌#7\\ZR?\&x\\'~x\3oX\y\l\wb2}j?|?\\V-\\5\{\i \8\+ជ4^\\J\<\i\r?+\8#P\_k\-.\Hizê`\\\2c2(9\0\Zৈ\P}\+Yz8\׸w\;\HT\o5\_\A\o\K\+u\\Z\n\\'\\\\=A\^ęU$\dg\qvgQTx\~c/\'=\n\\2@ \\M9 \\$\Hz\.0q@~Q\\Dx犚_ri81%N*&ʌO2\0qMv\0\sI\\\b\\g~ՓGg;6ƘyK\5m;+\O\3\\\M\x\\\M \\\n\e\\ɬ1d~¸g\Z^\go,\\\\\}{\\l~\\\\~?x8\\\k\?m{|jl\0\?\\w\tfw\\S\0p4\\Z`G?\5\7c\\v\P\0\2\\\X\>5\\+Ĺ?\\\\b?O\m?WįC\n\a\uGᮼl`emaڼ#]/kpx>.ڟU\SqG\\\\\0iZl\ZO$G(\\n\P=k\O\\\B@PV\C\\0\?\Z{W4T\q\\gI\0vd.z\$8\xπ\0m>k\\\,L\g[\ܬ?\Q\_RO>\\Z\1\\rf\\~Х\o\"HG,0rx\{W\?-\$Yj1\L}\\\_(7\\0;U\ѡ\\}i\n\Lzꃺ7j\\?e\,hΧ\\#\e#1;I\rz\NUJԒ\W\ԑvu\I\\0dd}q^J^\o-\==\զql}2\\\bD\'=~j<;\ǫ&kv\9Lȯ(]=\p\UMz\Z_oѮ/pڏ,\0#5Ò\I\0kҺ|@\\EZЭ@H,[\\VkӭYsr?o6\\CEH\W=mEs㉴ڛ`%\n_r;tb\ک.\J\nt\;\tn1hװ\\͹Ymb\	\޲B\\ǚnuӤ-)2pWq\\iMі u\˶9+Uy߉\'\e\ZkZ\{>F\K2 U?\;r|i\U*82\\ZE\~Xu\\u1\OͻNf|?|+W\\ZHfUU\H{\hѾ|5\\m\\z\olP\ͮZ\i:onٌ\\'bs\\\sn\|N~t\0=\B\G$P2?\\Z\$\b67zfeӵeYF+$\\ct4:(mE\Im\ZoRBv\\r@Z\-ҽ{ddg޼=_g^N\\\z\\\N\6>e\t/\\\j=F\P\9R\ }\:\\!g\V\O\\\cd<\0\\^\+櫯s\L\%kMA0\\4\bw]Ǳ>\%𥏆Z[{\4rDt+q\\k\)W\'N\8̣5Uth\\umOO\\\T<W00x\SІj\O~H~\?n4g\DA\ZNh\\\\y\'1؁_y|1~H\\F:\i9D[\\0J{}qV՝T\OT85*Ĩ2*w+*\,G4e\ըُS\d\ěCg=\0czӗn9iN\MF,\\QQ\p\(\0-O_ZLZO֏րމ%#3A$#`pq^k\ǫ\޸m\Ҙ\FڗNTT\>0|<G\\Nd1\Iծ?zį\\'\')Vy[	˙~\\\`,?\\\\Z\\ac޾\\\\?9\0M{\\\0{\>W\\'/S\3{4\0S\0k\\cF;\\|P\:\0\}\0ڕV\\H8\L\0\&9s\ˌ\\c5}(\5˿\o*pA5r\-9X\#aɯ8F=\.<?\\\)h$WO<\Z;O\m\{ZՁY\.ѻ_Ԛ\\0\\0zoM\~.9@\'g»hN\\\x.\֨1F\Q#/\0GB\gǡ\\S\\GT#P\C\r\e9\?տc|Y\\\|G/n\\"y\\/\\_l\ښ\p1Z\n-|]k\0\߄J\E\nk>}\\rN6޾W\]7\\ZeѤVbT򧶞<S\\5\c\3W\m\_k^d[fm\8\P\֭TԸ\i\~w\:ĝb\CӮ\\rwf#$v\\\_JEciWs=\ǈm˭J\\\\9O@>8xWM\--0\\\8\oTw\zW\x\Z\\/\	\O\\\\)L^\aC3|/Oٟ?SϧA(\پ\2\09c\?x6\\\R\\V,\nGe\z\_ƫut\E([\X\m?f\\0\Z%\#\<\]7k\n?ʱ!\	\\0fl=Qs\s||1X|\߉Z\\^&\\,2ː\0\}+ϼKw{\]_Cs>\\\\	\n\0\\Ծܯ[4[\|\\	\\F\s\\'\>\ڻKY\R\Y\&Qܤ\\4\\~H)K\\eGЬF\R\s\'n\S\\L\wH\}{*9\lVw+	m.Ͼ\?\\\O\~\iՒN]_!-]\\)\\7Q\#\0\\\;\Ov^\'[h\>\jwY`KkD\#Ki\J\=>m5GEtԢ#\܎\0QDjN2\n!84\\c\\i:\:\\^{\\ٮ|7g\pv\\u\\\T)6г9\%⾊MD\\\&	Xc\rq^*\/Ũ\I&AG\Zr#=f:J\|V7$v\Ejy\\Q\\\0.^-E\Ӓq$Um\"p0ǔ\~|	\\g:7\0tW\\\ۭ~j|_{\;\.5\r=×{!Ӊ\\\FJv#s0k_\~\0[_k7W^\\\P&8:\J\(MsA\[.$\\\oCn=jH\RB}ᯃ\0UO|NMoL\\\\vjZUfUQ\#0\־\\I\;dHr\E\z3ɜ%I̼\w\\$\)Ns\3p\A\Sd8\;SLq)\3FI=\ڛ\\><pOj<<k\\\O\\~iv\\9O5Ħ\\\\Ⱝ5G9:\ס\\g\j\]o\s\VC)$櫾\\9~\6G\\O\\\\즽\\q\0L\0 ?ׁ~\\g8\\\k\\0m\f\>\07GM\r+fw\0\!`q\'?~&\r\0N@Ѹ\0\\}w\0\%񊞧\#\\7`\\,\uHu- dF\JU(\\0\q+^\\\H\}S\'\26RJ~x\5\_\/\O;\RW\e\&Ecq\\NE)\p2i*S\+y\L6+\<\4\KpzWa;\W,odpÀ+<ǫ:qNϯ\~\\0\Z!{2\0j[\nYfAk\5O\]߇+{I\b`\\\W\\\Ot$p\\nDN2q\}k֧/h\X*p^\\\0TL۱Z\n31IfC6\DR\\jϗm\"d]z⟹H\Q\\\Î⳵h\D\Uae)s\(b=9\RK[k\\>>6\õL.FF9\M|G\\0~x\:{B\?aO,q\j\\Oڂ~Z\\'\%\0\l\|)\^ޟ|+\-\5\lIPpNs޽\*\n(ު{?\</=\?ٲ@#b`D1WC~xPM/þ\Ki<Mς\\cG\׀E[\uӔE[\@;#pX]onm\-g\\\.\r<~ڳRVKcާAm婁hNM\\\0CY<qR0g{\\|\廎mv\-o,;\n\\^s|E+\v\ ē\lն\ֽ\\x~i0kR	\\$#R17Rpio̫J.3ˡ\i%ƛ/2ZJ4ǥ6\K8\\n,\8O\0z7\VU%\[jr1\0\_t~\[\\"{k&]|\Z\\0=Ҿ|:nMs+ȷ\o*,r\Ԗ\ZDL7h!p2d\^Of<-5e\}i\'@̠.vyVVbѲ\j\31e\\\S!\#_}Cڛ%\\0唇}$k1VulċQ\a8\\Mf[o\\k\ogOz\\\uo\&\tے%O.\r\ğ\9\\\"\<G\Y\\6鴢\\7hr\Z\'\ZӭR\\1Q\	\\skv>&&ϣjl/ \\z~>%\-\^$\\5(K]5۸\'Y7\t\W\\Ҭq\]Icu\Z\-&\0\\׊h:߁#kx\QP\l5viQcb[>GBa	GN\0\c\\\\r|Ph{MR؁{]0\ܟ\!\B2+\q觊\6\-SFp|Wij\_\.~u\O=+?>*@\\r\]e,\\ugmr\v\x&WLf4+8\\޹\\\\\jq.\2̹_\N}u\\yq\0\M\r\gJ}sE\+-SL!_=uIZYnd\ܒ93\\%\cb4\c\\?{>ʴkS/\卪Cо3|OFwuq9i[<=Ҿ~\\^\Fb\r~]A?z\\cOz\KkVZtl\\XU\@I\5\ɹK\JJV\Es7\"$X%\;\\֟N\\)<couB\q\\V	fo\=~Sm\X\\\ϛe-\0\׬~\\\0\\6P\W|*/xEP\_9m+ƿn	I\sp,`v4N\\\3+Ӿ\\&\\L\ZOg\\\'\\_4QC\\0zI\\\{u.\>|x\\6:]\\%ڌǉ$\NV%C5\\\nN\s~Կ\@q\kOOҾ~1\\\xQ\ZY\?̡JȮ\\A/j-o\ri}\ޝp\"vWp\x\0}\'\CdrOoݚj2Q\G\r\\E^TT%	%}\\Ubr\nj 6\&\\0{cc5\/\0\\c*Q\\54Y\p\Gw\\/\.]G6\@\-3\Ef\0\ug\\l^8Ip\?|MOF_\\z=J4d7\"\%W\Mx\Y?x\[\l\\\0	\ExOE\'n\9Ԁ\ܟ}9Ǻgea\\o䍣ڬ̻wC\]Я\~]\\ZNt\\c~$j\Z\\Zi\xl \]\\ޙ\\/F~\\RG\(\+w=\i9w9?A^ާ\\\\\\%ԧ\^@\\"r\&\=qn_\%\-\Z\$,\Z\@d\\0\D-/h\>|:=E\1\0]d9cl\I\w\,\G=\F?\^9I<{5~mT݄\0A%X\f\|-^}J;G u\v\ysО3\\k:}\A\uС&q:Ǌ\'OF\jR#^X\\\\*\0Ϭ귒^ۺi2A\\?9c\\r֏<.\@q0\v K\}+\'t}7\/8ug\"oa/u\WZ\Z\pxκuވ[{\'\\\\\\t0(aF$\Ў1^\qY\\G=`\\Zm\r\f^`(\%=	䤬8\V!\\P\#[\\fi\\C&\9=<7ҼlUYUJ\\96\n8z.\\\\\\C\˜\\7F=r*j7\zn#c\\\\}=\\VKb@\dS\q\]\m7Y	\\\wB\\k\\\c\o\YW\Ȏ\̣\Ï\Z\ipp\vA\möοi^c\e/.\$;<|\[-J\Bb\\o2\N\\Fh&^F1<\n\FJ2=z\0\tE7͸\;]2\\\jNFH\U\#i\$ZK\\\9HS\\\	\\nEG\ο$	4>\I\bۄ\xzF5X<SOL\r\?PKyL*\\0w}6\Qtcrsϵ\\Sm[tp\[{N~	\\էĚK\r:\wE9\r=q\\>\7\Za-\\\\޼\\~2&\u{\"\vv\)\\}\=+㿊2μ3ˋ{q{f9E\kީ><]E\Uԟ\\\Q\"\\lH0W\#yB\Bɻ6\\\;9U@zU\\ҴS\;\0a\9\\(;>\)s\\=o|\\u\'\\\G\\0\\gj/ٟO~ߚ\gA\nm\\LB\"B\\8\^g\ƯM\\r\2=z׸~ބ^N\0 \k^\Z|P/\_~Ρ+\\eM\_+5\ʚ\\G\P\O\ѣ\>{O\\\7\Z\\\\\\\,\\1\'=Ei\:ǻ\	g\nz|\\~\^5\<gTk[֮\u;B1Vn\:۝\\JR\n;\\\q\\=?S\\S&Kt`ep\a\^\\c\~0.\\&\\3!T,\\޾/I\J[OY\\\ݤfGKS\>\0|[Y\\YƲ5S\\\\\O\\'\0\"\Zo\ٗ[\Z:\i!g.2\zg޼K/\D\\ו|/~\"x\\\CBУ\\\\W\\0N+h]B\[\%-\˽`\ê\8\UçD|y#Ă\s\\5T\u>_\_\sIT!A\G<Wz?dOGwגTj\x=\\\^:6\'ˆ\K$V\'E;\1\%~*1>\r\0?eSi\G\D\\q޷Ysf}\>}aq^\gw\h䍸*\\l\ZŝP\=\\tۥC\Bb=+\|D}\X]4BG\\\޾K[zn,/\f\w:gk5>CK>ڎ\\0\n\up|\o\gp \\{K@mSB%͹\n0\~\U>=L3kU06{\KBB&ym*\጑\\ь\ZM^\"Q]Gx#N\4s]\,\I(fN\\|ֿ<Gg\7H\\N\fV߼\U}ռKiֲBAf219#\\~\ny/d׮Uo#XR>\\t\I+<EE^\'`%Sn\j\cF\lɜ(\יX\}\L\5!\m&tvN#Q\M2\B_.\\H\#OhAɹ\\y\'\|\M\~XTF\nitYdl\\T(\M0ƷCPq,b1I=\$\ʴ8um41V@GY&>\njo\).@n<\_C+\0}\'V#XoMLd	\Ҳ\H7H\onl\\'\0\&e\nKzA\YۛC	F-\3\I\Q+\ye\'?Z&o`Q3)<\\kW\\X\)\nim*a6,pA\r\s΢\[\\"m1|\N[\[~p0HY38^x=%\6MY\\q\+ǽNB,\\Jx{w#}N:\TҜOXX-c7WN[(9C~\<cD\0Cׅx\\\\i\\½=j\C\2\I\\]\9\MV#?.5{&y$rrXkic\Ju|ҷ\ȫ\\\<I\zrۯE\\ZvGKiF[1\'\M\q־\0x\t=\5d<<iZΙ\4BDyK<%x\>J\8\\rx\B`\I#\0uC:O\'\[Kc\\=\\k\\S\0R܇BݏOy\0ia1ѧ$ܴ>t[\}\S[C?FN:q^\㟊(xOKҼW[\Af\!Fu(\\0\+\\\\4돇<\0OV(\\͏9U\jMJk\\Ze\r\K9<ʻc&\pK]\\\\C\'f\#\;~\~׬5PK=N\M\+;qI\ʟ\\r+\?\M_[\n\rޝ*\.\7`W\2jJ,\Ο>^|-\JX廲`\\Q9֌R\\X\'Y\\\n?\\*|Q\\0y\*\0\\0\[\&xG\\K+\ Nֱ?\ry5T\\\\\\_X\\@1J6:үԍeue\|B>\"|Eĺ%\V\5o\"\\\+)k[\\\t5LvK\\0>\\,\\לo\=\?؜_\\0\d_5x8k\Z)թyt=LjUI\\\/|w\\[|<1k\j@\uhiG\\0\0I9\q\\\0\0\\/\(\Ӿ\+fAN9<\\\?n+\׎\r\\>\\?\Z釽\'+#\*\Tk=*\ny~\\~\_4hZ\馂\>UGnIW\?o\\\Z߈l<Msopp#\a!I8\R|Me4-ȴ\,e<d\\\ך/&(ǉ\x\;c\'um\5z\\\j΂\\7|i<a	\f9\5©ܤ#|pn&\\\8\x>9z\u\A!\\dgK^uW=)	q\I\r䲨\Ӵקv\aNUרu>\\,R3\ITVhQ\\9\\\\R2+\j\2\\/\\\+\\\!Kmեm`ā\\Z%\/C8J\Yu\\k2\"<W1\\7z\'\\^H{\(ﾓ~5~\&Ӕv\@\\o\\w\\Q\G.&&Jԥ\}\g\C\0\X=Է?4ce\:TF>r\\C\\\\\\\0v\_ٌw#\\¶^\êZ8Gm>q\\V⏃\ ek9z5\S\\\\\\BL\ֹ\[\o? 	 5\~O\\ìL]\\\:\OY\E.9\r31^}\#˵l sp:ۍVIP{V5\\2d\\)G{6vگ&\[c\\j\\u3!,~:\ȷ2B\x뚄\\=kH7\$\'1e\F\tȪ̸\\\V#u#/zp~l\t\7cU\\"8s`\z3\o\\⇉%CIӴMvL\YZ+IJr\2@W\^WZj7:͕\bHd[\=kS\n\'2j?&8\0}\\|k\߂uO\YͩK\&\\\\FY$|%7:<<hRR\0¦\"mw9\\\0\Z\>|fPC6y1\]\[I\>\ru߳\m\-<;}ؼ/,8B7\?|ߵ6\S8\*&\\MBjU\B1ct\\\_\r񑰚Cs^f[`Iz}@\"?\w46im\1]0U<W\_QA|=Jٹ\k\FU\'k}\)mUS{7c\\\\75ߎe\-KQAqpέ8\\l7~\\(;W\[\%hM!m\rs_O\\d(\0\EuBR\)\4i+.Sӿ\\\L\d\0I\\0$5\?bO|AxNִ\3J\e\c_h\:{	mܣ\0{dV|T$xVxՂ\(+.\<S\Ы\ڶ\\\;Z\.u3c_A|!#৏4R\P\i1_s\Ш\\]Nz\\0\Z|\0owe-*\e\not\0=A洧R4\\y\0**k_\Ɵ&f۞;ve\\7\\\v\g\%$s\r\"\5G\w\\ϧ\E[F>;B.\\\ޛja*s\8:qx*\0YX=NV՝>&>-M\ZW\L\[7?\n/\3a?\euݺC[X\$\\t\_\0OM5e:A\\0\/\\\i	҃O\81~\"ʺ~\cꟋ׌y_\r\g]4ѫ\\_\'?oK\qǏ%q\0	v\0OO4\:@>/ղ}.jZrFcEF+/#\F\0ux\8\҉\0x\g	\\rGMy\\\\0\_dwSH><C*&:?\\Z&\0\0AG\0\b$\;͊x\0sxt״vǿ1\0	G\//l|a\0\0\Z-E}t__	Z\08|Y\=jQ\0\r\0|\\0\\8\\Z\}7\\\\\E81տ%hm\\}\.+\0\\ů\\xkUx\Sܬ^O\\:u\\\\\׵\s\귓_\K\\;f\XV?OO\n\UR^ff+q\)sd\\wr\0\}k\{N\\q\]n\Me[V$,p2Nk\?\'_\'\<Me\eU,ƾ3gdH*\pA\>7B\'ueDT}kzn	{\s\nZ/\\\:uR7-c93\\e\"3_1IǒŚs\\\0ƚ\0<q(\\,\\0_o5ХGO/꙯?\\\\ǋ\ً,\0N\Q\0:\_%\S\%H>(՘\\0ƫ\\\\oj=\\j\[\+\9\0\_\'|i\\nh\0yi\l\_\\\\G&wkzS\0fEOf;g>\'\\\0\]_\?\\\\0ix4% \r\\RZs_\0_/5$z9\\\\\N]\L\'\\\Q)\\0g|md^ \<T4뤷\!2=:טK|<!\\wdOM\\nf}R\\0Z\\Q\P\q3xwa\i%J8e\\~\Z|~$\W\k@\<a0\\\\_ X\\\0\r\0RK\N\Z\1F\\9\x\#\#j\I\<\Ku\cW*SZ9\/\\0UǉSh\\BR/\"\i\0{W>~˰G\\\\\0_\0*\n|r\OW\\"pG42Ir¼?F<\\	\4-ruFUg#|[GJ\_\:L\{\ͺ)c\\ʦ\\ ;\Oڵua2P)M?\','chineese.jpg'),(68,'\\\0JFIF\0\0H\0H\0\0\0AppleMark\n\\0C\0\n\r(\Z1#%(:3=<9387@H\\N@DWE78PmQW_bghg>Mqypdx\\egc\\0C/\Z\Z/cB8Bcccccccccccccccccccccccccccccccccccccccccccccccccc\\0\0\0\0\\0\Z\0\0\0\0\0\0\0\0\0\0\0\0\0\0\\0\0\0\0\0\0\0\0\0\0\0\0\0\0\\0\0\0\0w\\\"2H\n)( S P@\@E @A\n\( P@@@e5q) @HA2#\", FR) 0\nܗkr\\TL\9\:!}\'CϝPF@@\0Z,^\x\r\0?~ZWYc:$\nV?^Kk<==nMO\\ƚc*\\\Tܖ\_\\{μ\\9.o\0hn=\[<%i@-T\缎̨(oaZ<דېm\r\\۫\\!ke\rN]\2zn(j\\\Қf\t7L\6-qǮ_TP\npoۋ1i[\M-D\\GfZYYAP\\41ӊBi-a}\iE,\W:ܚ\neʶ8u\\\GAJ=s\\\Z>\\?nM\R,7&\=hs\gTF<\b)\ZJi~9D_Hw;]*og1Vfii\:iǮ7n%M3Xj\\΃mEF\"\\ռ\\a7\"f\t\Zf(W\'\\@\\\sEB=ǮWn\"\n\'\1\]硢\nSb(Y\*]˰\\\\\ץDܾ\ZZ41פ׸\\\\F/N0;tHazܺȻ\>\\\'N=&D;[\\O6b\N)\ro= ٛ]/\\Ƴ\ܥ9ZQV\gk\Eg;p)R\ZNs-!\p\\hd\\\W{hM\\\!R\\[@nT,]\\"}\0\{Na{`:4>\ݳ]\\r͆Z(l\0\m\]K\\ˌҍٖk>zsy_\\^\i\\\\\党\K\\icE4&w-M\\0\a	4y$+(ȍu\\4\\y\64\R,E1-\rce%LZKYj\d\Q\w9\Z2\J	1\\\,z\t\XWRۇ~H\=-8`\Z[yтKZ;=d߆\Y\\\\\3v\r&\:\\\0\׸\14\\\5ck:fNZ7-4ۗ\v\ZJi	R80!1]?I\ XPtI\x\0w]9j\:}e\r+f\\hu=Yp9Ac1EFvaϝ\\\'\'\*mcZsE=X|=A\N琁AaLih&z܊a5b\s絊\Zۗa\nJ4\vpCH\ PXS Z\BMY\HK\'-\l\'A\\dԓNj\"K*\\C9\H&dw\0ee\rPkY\\0\aЗdՅ2\"e,Q2W/n\EmP4S t0\d\"\BZ(#-4Y$ 3#5>o\0A\Zd@.`PXPX\g;\]\"\2\\2MqQ\6\NO1`A\\Z+B\Z	\B.\Pܱ(!\i(Ӄl\N\;M\v\Ry\iQbg\r8aA!,(k;tѓe\m&\B\qR=f\nB\n\n\n`Z\\(\\\\A\t\Z\d[Q: P@\n0\r3.\\"\\\\0)\0\0\0\0\0\0!12 \"3#A0@B`\\0\0\0\\\0\X	\\\\Y\P\"^vmL7X\Q$13V+\\d}K\`\n&\B% `U\\g׵Lke\uU\eŦD\+@\7yx<`884\\\$\3I\/>Nʾ\}(\|̙2`9S\\_\Z\\GO6Ϩ{ܤO\D\0k.\\V@pC\rCr\'6\a\OMg8\\T.Ni\#A-\+\%]ȶju\\a\m˒{֡Tأ\r\r\Nc\H0P\Y랧)\\)\\Ge\#e4iVEmb\@\VE\\3A\X\8;=eG⪹x2\\'W*l5Ev\\\\\\\,Yh\'}\9J͘3q㈣\6\̪g\0\\Y_R陫\\\\5<M\`	Dھ\2\'z{ɷ\r\gm2\p\qN 9	f<,>;(©0sʻq\N	,W\|z91b\"&m\%ÎW\\\;tU\\&Dw\N3\GY;Ĵ\M/\am\\&9\nz!S\vE\-0r\	g\z>v\\W\\9h\Z3fJۋ\\0\\\\91k\c\i\\L\__B\Y\6^\\3LR	c\\" \3sLJɚ5gYa\Cj\\1V\5\\cJ\1x\ȗa\X\\1\LM\\'f 9\O)#;\\\}i\.(\'\\\Y] \\lZ\\"\X<}\PH\\m\LY\;mx\\xxv~SE\,\\)vM5lzlHAv0\g5;j\-|\\u+l;\\s\0d\|fH?|\S57\'|N==\\g\"ہ\$\V}/Hƃ\RTMǟ8,+P.\	\0?N\\xJ\\ЎR\Uki1ςN	0\\\g\!\A\xM7\$2=j\\\I\/\":\<S\4\0D\1f2\0\TG\r\ڏ	!8\\6I,w\̧\\u\\l6Ԧ*2J\oWd==\\1\D8v \&oCegG6m& X\\"e˃\X\L(eo{\ꚮV\ai\<RZ0&\&0acu*\"\t\b:gc=a\\`\ ]Y϶=!,iqq\"i\F-j\Fa?m`Ya\0\J\nR\\ c\\\0 \0\0\0\0\0\0\0\0\0 01!A@`\\0?\0\\\]\1er91;\~E\\\Н\C\\򕕎Sd&X7+!\\(e)#L\he^\N+\z*BE(Qp\tz8RѡK?t{Ce\\)X\\\X\\r}\n\+\b\nFOD\\\\G\\\!2Uo浦p\\ӋcT^\J\p\\L}݈FQ1*%9J3TōX\^G茽dpѱP\F^M~UHZ9\\\~~\Q\;\V1y^	\Ȼ\-q2peE=Fz!tE\\\\ԏ+Tg+Q(_r2h\0/?t-r\[_E=\r\&rp쥔\p\-2\n4E\eL\kJ\n\\58z\\\0(\0\0\0\0\0\0\0\0 !10A2\"@BQ`aq\\0?\0(\\\[i\nS\\\\?-\'~\F\$4#/#Hpqq(\YZ!5dGΤw\"ZRY҆\8驣]A&#\g\\\YG\^(l܆\H\l׺#Wش\\ZP\\\Ω\\8\\xL\'lgЈK\/0T7HRĕ\ZkJ5,\?d\Kk\\t/S;BJ<\[cd%RQ96/\(c\\#\ZT4zm/\\\g:;-IZ)2.\i}^P\퐚q\(b6\6\T\cc\"$Ԇ\F.LiP\1w,ģ^\W]M.\,\\ZĈC\<\"J\;\Ơf+,?\o\Ѣ.\a/Ma.z}\\\ab^b(?q\4\c#W\݈᲏\"8f*\ZIZ(\|\BY\\Zsܸ!e\o\Xe$\0$)\"4l\Ld|%ͤ}\>\\ȾW?IzZ\1\+HCY}Vlۇyy~\Zaሏ+R/4S\&E\K\C\1\jʮ2f/;\\G\::f\nW	>\\6n,1YB&h\|W	p$i{+\|_Y\eN|\cd9#j(^rr7,60\71\\\Q!:\p)\s-\rͼ.;\nb̟\\0\\0/\0\0\0\0\0\0\0!1 A0Qq\"2a3@rB`\\0\0?\0^\Kc\%Q%aG/\\%eeV\nVhm$\0Z\n\"\*\"\\'\nbՖQSr*\\0Xճar%\~\]Y\\k\*$Py*\\>QBT\byWR7H^,\n\0RX\+U\_*4ÉQ0\cD*\*uv|\\(xPT\[Q(mD\Gl(6V6RQE(\0TK[(N\!IWJ\\nE|rIa\n)\nܶXF\\RE\iV\!j\\\e\Zk%\<.kci|p\\"A*\Z*\\Գ\Lw\hCwd\\A26T\L+{+WT4(\nN\m\\n^\0\nJž6\vY\r:K]X¹_Mun\n_du\\Tw\0\\0kY\\CxGu\\-\\\aCßj<pry\tT\r\\R\tE!b<\nDZo(ӧ<\X5or\\mjXdOe_\"vf-\~_W+\^+T墊d,\0\Q}c\O\{),!\,6Fڵp\\T\OTyjv\\eRvG/\~ږ^঑Rv^ZG\RyD\n=\n;\"ZW,?Uy\:XCeuKU\HXXk\w\\t{]ImQ$<J\/U0\,>{DqV[j\p\\T\[w\\0*\0\0\0\0\0\0!1AQa q0@\\`\\0\0?!\0jh\MCP}2Ź\RsuoB΅\\27rХҐl~\\\XY{K4c\\Di*fwY\(r\\!Wt,\l[!\:\M&A \'Kep_^\rE\\\ĩ^\s8;\)l\OG1)\l`qٙFnSQYѮ\\zbF/lwcίiلx\"\&\'%~;\ BcDH\Y	s:450j^7\\ZZ\\,r\k	\I\t8\\p,\r#pEW1/_,\\)ԼKn\-*\W8\TI9OfҎ\8\\W.0ƙ&\N`RL]NB\g\rWx=xS?i\TA\1\]\\4mA|HԘj26>\\R;M\1ڕ㴵\\\[rrt\\\Nkpϰ~6C+(*瑊\gݛL\\Z\դR\wo,<\=\.\\ג8k!\.\{Gp)\)Zbeӊ\A8_绔x\ʱS\k\Be?*y\Ihg\\'#,;@cjeLXM҇E݂.+K\\c.ٹD(\,r5\Y\T)7&w{Ip\\\R\\{AjNu\r0\"f\u8L7z/\n\\*V\D_\Fvj}D:\,AF\\\g6!\F\tjv\x\|o\G\\sҤ\s*a\9\n\z\8H\8\\fZ\0](\-2\қv\ĩ\\\\\\\nJ˳\ÙKY]Te0n\04vHġv>BZ\\.\I]\/liRU0\X\5\0t)\K\\UU\[u\\c0ϴEcIw*\XsgF\\(\$QBdQ\sP{d&;ǘ5\\\x\rq\'2)\.SЩJ\\,\喇\DJ_U6@i	tx\{IDX~\\nMŇ@\E\Gּ\F`[S\\X\;^u\Zf\5Ѳ=\2DXW\6%\"\Z\a8Clq^x&[ֹ	v\p\`!P\	\ndǴ\\P+\Z%\0\\6%\Zg#mKkh`\̬h\\4-50B\\͊qo\sǧ)Mfȼt˶3Z8%\\0@x\\\=QO7ӳ8\L:\n_$f\\5{@Tq)\"\\s\	\)J\\Kl;Gp	\mne\*wNCcܞIbr{\'\Z\ĵzlǡbQȎ\`\B\S}.[qO-\\0NR\XNY\]DkpK\n\Zi\\\8z<8#	Y\'<y\\\Zgr`zky\0:q=Φ\\x\00\\\\0ՃA\0T4>\\\O\TB\⣆\ҩO\\xM̓;\!\G)\\ע3?}\T蕈k~kk\t&w2\0r囟2оG	k\E^-ݎ\)a~޷4\\۠\E\r2\>a\67G\\\\\\\m\\Z\bb*}GH;ôUEmwǘR\"\\]mAzlޛfMϨ]\\\\)۩\\(:#X\0\'\k\mJa\'6O\gE3\W\\\WE̟*\\\r*\Dy~vBR\%\XR ,ϓ\1-b\09\**:}N2|Av~HG$p\\\0\\y\;\\\\@O3|by?s+\\m_dj戍\W\]MAez\AJT(\\0\0\0\0\0\0AD4Cl.\\6dri\\r\\֟y*$iߧߖ\s\\Tn\A\\0p%\yZ9r*\m^p\3`xp\\\(邦\r077\Ol5\\\0>\V,N?g\0\\w\4\"\F:\ǲ+\\r\\\\\\ZsD3t\t@T\,\\+8oŜ\=\\\cb}l7\a*>Cqj[H\\J\/@\&۬DdJ\0\\D8V\08L\ᜃA^2.\\S/Vۂ\\\riߞed-!\T\|\3/\\\ш\~Uyu{\0m\0$RIeYe\r\\0\"\0\0\0\0\0\0\0!1 A0Q@aq`\\0?\0(v\0CGv\g\'\*EX!GY\0\\r1/.\\V\\sr#Fm`K\!r<e\\4oۄ1S\.\r\h\"Nj\~\\\\*=\3p#u&\Qf\Zn\\F\QQ?g\7K\"\rU\uJT\\\b@*\2\&\9,\'l\Z\%\N\\>J\"[\0\Ei\\Tj\Ze`Mb%4\'̜˔ЊAF^\"-ha\(U\9N\qKlPT\rR.\"\>d\}\)\\nL>\0\\k\'Q[	xfO8c̏8EL\d3RZϷ8\[2\\nԢ`\\\2v1\XTx`SSX\J\ؔu\M\je\r!;aEt˨o\bV\CP\XALvKF\eE\\b$6\\\Z2U\%uZ\\6NӨ\ؑ*٦Y4^#}\\\\ \\K>b\%q)8\\ED\$\CuU\^\"V1!e\\u\@UG\`+cCQl[gup\\B\S\\\W\\\\\WiĲ\\Z=L\J\\"MFu:!\\ \"F]JJGO0\`}PiGoG1r\\\s6Kb\{02K\W\'\CCDPE7	4zi9:\@+g8\\r\K\4c\0a\9;\.\\\"\")\n9\fBJ\)ژ\V(ܹ~MKM\0W+\\\0 \0\0\0\0\0\0\0\0!1A Qa0q\\0?)\|B\4\\n*n4\ς!\6xy1\zDmt\\\EЄLtz8#\})<lct\t\)\\oD8D\:&kl]\tzM\1r\\0E)1	D\cHC\\R$tkWM4Ǭ=S)\Z\\\6ӡ\uDf\\Z)b$G\ob\r\PƱu\\r/\?cz[ɔC_\r7l\0	CR[\5>\"R\\\m	|\ZPf\\\\Z6hsPsD/\ѪŵY\Z#\hp\r\\MS\LP\\r;G\"^GH\4\\\I86i\Zhm7S8\r\a\nPru\rp\Fś:\"\\HmP\\r\\\'J2kG\Kd(tC1X\ϣTUh\!&,i\F>\Z\"E\AY	uMgmmc\\nv׸\\\\rF#.a[K9\\$)\\"x<3\\cؾ#D\Q=V!*XnljAVpJ\h\9;6)nՋa=\CCB\\xB\\\cτCӃ~Jnԅ02m\\	ӧ-(z*J\r\o\w\"B˛{\\l\ed\n	k)O\%XjoѻΆ!Q\"\_\\AapEX&1\J&CAք*\:(	$M k\\F#\&؜6(v\G\\7[\+!::m\n	C\A\$\e\c\\\\kb\\r\"Á\A\\Q\N\)	H\\0C<\Z\\3Q\\\}\r;E\\WX$x\M[HHQr>\\GCCk	\\\\/ߞ11\Ov}SE\\\\'\eZ\\0\؎+(T\Mk\0\\SH]fCƘ\\䬬\ŢBu_á#\xAw\Cb\\Ī,Hr\\\cCX\+\[\0<4vw\0;¥3_KD8\<xT4g\\{W/h_J%\\"\Alb\\s\H=O\t)\Hu\/\n59lh\=\Si4<\\*~\\rE	>C\:\r\r1#cM\c\	\\\"p_\ܥS9+b·߷=?_M~\0\0˅=\\0(\0\0\0\0\0\0\0!1AQaq \\0\\0\0?\0\\0\0;\>._?\0/o\~F>#T\\\'Mt˹q\0\A\ffvK\V\';\ZkRӆ5(<\k\\/\j\_\"4:}\0*\»\n\Myv0͡G\Neܸ˘\\Kkm\q\\Bu`8\\"\\sRE]4/l*H\\Zn\>|d.P\\0`G|(;\X`\\\Q}GM%\%\2ԅM\\P-\-׌\\3h|F֣@z(mAu\@δ$\\b5\8=RXqed\w\\0k,a\B\@YY糛i+\\\0^\AND	0gCx`ݭ\\\,;\Z\jq&\ZS\(Ub}\\\\\'XKF\_޲\\~a%\\`\\2bP.\LO \p\Z\^\Z:2\M\ޖ\%\s	\9<ˁB0)\Z[{\n3\}\&ױ*.D\h65\e\0DQݧ\`q8$%۬F\}\"\i-9%m\P$U;5\r(,\"\\\r^\n\\\X\r3)Ft1l6JYۓ\19~o\\I|CKJ,\\]Ll\}.\Cm\0\*\?5\Lü\W\?\A\5S\<\^\A\2\ٔ[\\\Oxw\92U@n\\\&\Ϯ\\7/W #3ڬ^0\'ej{\a\)KEa\^&&1\t\<\rh<G\"V:cЯNh\={H\,*\:\\\n\0`E\\j\tT_\\\4w%Mȯ\	\\\\\BVW\B\{LW@\p\pNJb#kv.`9C0AV\A9\\\2\]]\0QkA\n{ݾ\0l57=\0\%\"Ӂ?[\u.6k\\\Kr;5x]bӒ\TA}\#*W\\\o\2\\\0\8N\\YdrA\Zm8 \\Zg#T`*\\Zt[\F%(\\\Zt\yj\05m_2\0\_,\qM\\1\?@o\9\\%\\/\\v/x\\k3lťz;ܺ(⥀\?VN\,LqN!\+D)Jޅ\ˬ]\]DⲉJu/`¨3g\M\Hkĵ\\\(\\\j m}b\ư\W7\N\\\3\nF3\\yu\;U\N._7x3hB\rJ1U\w2Ǖ\8D\fX6JXe<={K\6yx\<./1Ilq\\h\ּ\\\~7\/F8:\`QX9!h\SQS\\v\'d\~J;w\\nxFGhD%\rpYc\\(\\oEI\w\\W|u`9\h|¶Ua(f	jX\4>\"aQ\`is\:\0\ZM\r\Z\}\EQC.˴HCQF\\9gH\'4p~f`.УLʮO\\i\n[\B,nVaEcCg\6n(C}ʁ8F\z(d\\`\Z\\]\π\\7Pbu>\\\\W?b63xKL\Qa@AL8%\,reؔ\Zb#\"Pvƈ\6^\ Ih\w9\E\xM\\G\;K.γ2ņ\a\\q\U\0\\\\J\8\L\r\`U0*[\P\JU\\1:V+	\0Ï:\4+9\\V3%Ǆ\'O\\\-)e֒muP*\\'ܼE`\\nj\R\\_4Ķ\<\0\4\=ŎN\\Yd`bwT\\'4\\M߉}ҟ\w-\7fBO\:yLw k\G\n&f\0< x@rc7WK\\*qwBGe\\10_JU<oF`*\0X\0\NĮOD#\,Z\3*PKѩp\i/%\\Owor-\\\\\%\0\K#Қ:xs\$\\\p\D\AXԼ\%=e*\*A#\+v0ꢚ\\5g\~7\{K\Ź\&6b2,SNt~c\~V\i昱\0\C1Aw*H\ST\\>8\S\\8\\${N\\r\ݳ\䮕,kQ\nt\Z\Ѥt̵Ok½EGZ\\tW*iA\薵e?\y\p9\zu\]2\0psj\Z=\r#Q\G\\w\\x\ΰ.Nr\	\}\\\Vg~&\"\?۹V5\0`YK^\`܀ሞo\N\\\UП(\COEK\x\Zl:\DF\\)\`\,-Y\'!5\\H\~\\\5+\&VLƅ\_Ov<o\xol䳤-udV\hd\\0\[xt\\\\\vӛ ![X9\\j8DsZO{\\"R:1Nc\̉\*:!\n]\?[\\(.\y\0@z\7M_2&Y9G\\x+JDNr~\L_@!\\e,͇cZW\N\*>f8\BqD\&\2~\w9ʟZ\XtY)\I\ncO-eQWw\"\Z\S\;-d+[1a\\r\`\0|\>Q\\\u\\\͘>?q30\\mVO\~Qc\'\\,t*$t>i/\}M-\\lT\?\#\\\Sim%\\/\-\\Z{NbɯWD>̆\\.}-=-\0t5i\ȅ+Q\nӟF\<vN\\\C\nq\SV\$\0׼E\\\ebkY\\eR\G\6}S\Z}+Vqokh1\Ql\Œi.cg\\z0׮\'\\+\"N\\0\\c\n!=G@p<8^(7 x% @p\?B\rLK\-E[j3|3^\jEAc\(M?U\:D,\iVZ\o\\؈\r\'V\igH޴Ww\rʍ\|O\1\p57Y\'k>aZ\"c4\[\\r\@5AB)\i@`\Yh36Dؐy\O(+h\|tE${8(\ TQFi\\ \\q`/˜KZI\\\XGOm_\Z$;z<%\U\\\i#BˈM\R\'\\!`	\V%\05dtRjB_xRY\	\S[b#\-\Z\\"\`DM@A9:@\Z-	\Ζ[gV\Zg\ĩRDTQ\"O=2k\OH^ĩ~\=\\','jewish.jpg'),(190,'\\\0JFIF\0\0H\0H\0\0\\0C\0\n\r(\Z1#%(:3=<9387@H\\N@DWE78PmQW_bghg>Mqypdx\\egc\\0C/\Z\Z/cB8Bcccccccccccccccccccccccccccccccccccccccccccccccccc\\0\0\0\0\\0\Z\0\0\0\0\0\0\0\0\0\0\0\0\0\0\\0\0\0\0\0\0\0\0\0\0\0\0\\0\0\0\0\\\J3\}W (j+YMzO\˝zמ[\ۃ1\tX\p\2v\GNVl\X5\~[G>u\^s\\/nI\0%+]<\\aw\>w\>SRU9\Yݘ\\\\r}9ޜe\\\Z\G\\zlg\'\\\\\ǧ\\\V3\{y~{xzer\Yt+3>\W\\.\\\շ\\ۀڔ\_Ǿ\0\h\O\CZz\v*\b˧wbb\\׌X,O6\.L\_񮜭.==??=U\\\\\\\Uo<]?\k7^x\\*\\07\\ʮ	=.g\˜wW7Sȭ+]k⣦\\U\z\VE\$c|}Zz\ܣ?O,\\<:*\/;RsB\\\\\ [O\'\)\\\%]<y\\ʖ6\\\Z\\Rjը\\\\(\05ru|~%=\0O\n\{^vy#-}jKΚ\\(rͷ4\71\nR \\}yt\\ᇿ4g$FjX\\\\ũܧ@\nU\0*\0r3\b\H\ԀL\:e\%5<\ZW0\+\BX\0R<\\!\nEs\\\\\Uu\6gB\7B\0*\0\\Z!\	cliιy\\\\+n:6\y\Ā\"@+\0\Z,z\R\T:\n3\YNcM=!PEB\n	\s\nO\"\XK0!bkl\ZϾ0\0P\0\0\0\s\\K6Y-#\@\[\뉹FݎMDV!X\n@(\\\\D@\6rier;EI	\n\0\ƶF\ȅj\G CZ5\\.\\\v \0\0@\\wYэ]*\0%+c#\p\:1,,B*Ֆt#el@\\8Q\0	x2\U\5\\0\0\0\0\0\Z\\/:Q\e\0\0cA,e租ҍd\',\\ EI\0\;:1\0\)%Ya^^Y\0\0\0q,\\\-\pУ@A\nRUb\.\rJ\W)HH\nBM8ݲ:!+M\r\nT)HUˮ\rjN[\"\0\0\j\\\4CMJ(@A)N}\\0\0\0\n\K\Yۖ\b\08)\\0!ZΜ\J\\'4\n\#WjK\0<\\Nyg>Zj	\Z@5\Z:\m50\0(pJ\0L)JUB!Xͻ:\rNm]vNhSAP\"1jB\Kdh\\-;;R\i@t\A)\nGlU]B\\\YR.UM\0T)P\0 F85βDJVWJ[q\"ʝnM#*\n\0 \oR#Rp\\0&\0\0\0\0\0\0\0! 01@\"A3\\0\0nlt\F;,J%5\L\\!\%\n\Z\BTOt	IEfc\)9\Pl71\̐6HE\fc\'LN\1s$L&&B\\\'mTED<)^~I\kd\9ُV?e\DfZչ.\>9\jJ\Kӷce\\\qC2q\'\d2Y-_f\ۃFO\\Ej\8nqƐp2^ĒW\/U\(\"?:t\R-xc%\'ox8U5\2@j\\\%(\\B\\2p{+}\Vd8\E\\1xXљRQ88888Őd_r\\(n>2\QRt{6\r\ͬQ^2,^:H\\\\\n,\,Ȳ,d\\l\IXG\\Kv1>|Z\	P\\Zc|\GU%I\f\a\m(\\"\E\u>Uf}	:_#\eYeG\\R~k\\\B͆\i\QEhzx\\:~^n8\\+G\"\,\/H\`\~\\\BN8ĵ%\겹;ͥQ]C\tӳ\˛Ye\ˉceYe\i\\d?>E\V\Ҋ펳\=4$E\eI\ϓ|ދČfX$n35/c_r[=!\:+֊쏽zym\\s\\\0&\0\0\0\0\0\0\0\0\0! 01@AQ\"2P\\0?d$\]\\9--e!!2\\\\'5#8{F-j?g4~ӓ?Tе\Z~HDؙ85)W\%&\!:\Z\J4{\\䋡L\!\,L\_=On(*ct-%SS\\Z=\\TCW\\0M\_D\DbAb\d\'#%/jꤩtB920Q\Z%\/f1\fr\u5|_c\2f)\\G\\>wP}\N!\Wat\ղ݌}}Bcc{>\\\\\E\Q?f\,C*\\eߦDEM\\'EW<EfLə3#\"\,\,E!\\"\hppq\!\tLLJ(^2\,\,\bbbbbQEz\k/J\/f(v\,\\_\\i\\0\'\0\0\0\0\0\0\0\0 !0@1\"A23Q\\0?Ct;{oJ̙\'NEj\22/2F\Q\9\Q?$ԡۆ}IHbb	_m!r\>p\\#\3b\\kx>\zT4I\rkKBf)Z\\g\0[1%\TFOh[;\F5\H4bTeR1g\f<]\͛\bc\"ՒFɱ@ŏ,q\h¢W*\\r\\\\\I\)\핤\\[ƻ%m\zd4S1ËļTWeW=!Y\\==\b\^\\V\\gs\,.(l((=6%\\w;\n+Ľ:\,?J\/TQEQEPU#\,\,Ui\(\Y|leQEx,\,EQ[~j)W\G\Ye^E\>\\\0%\0\0\0\0\0\0\0\0\0\0\0\0!012@ PAQaq\\0\0?Њbjش\"\ZJtH9eB\)\"Wn\O\/\nfх\|[T\\B\Z4<O\\\rSD!|Cq\`&\41x\\f}\,\Ц\n\#M8pߗ\\0%\0\0\0\0\0\0\0\0\0! 1AQ0aq@\\\0\0?!0P1\Emo\\Ă\Bv\\u+\.,zpIU\PR\La2)N~\E\\اc>D\\}\qVY.\	Qv&\\"d\rd\,\'\;&2=ly};0G\\Lhe\!DD{\P\\(\b]dQn\L\!(t;[\xt})\\nN\a|\r\kE[B~\<\\"k\rǿ\(\V&S7c\1\ą\\\>lC]`!\ShX\|PqąChp2\'\r\3;\w楖V^at9xyBm\r6\HBD\A4B\,3]좲)y˃\\,[N\v/:B2n]8\\\v_$TQyOxd5D \hz !\(\\d\e)\媊RTAcQ\xYa8βAmR\!5f\H;\\|pjDjJ,꽼_W,0ō<DfZ\.\\\0>\{H?v+,6\-B5CU^\r|:\\n9vp~\\\"Z;W\#:\'ǐgQEq\rQ\\RLpMO\r\0\Z/ä=\!1E\\B3f\BqhzG\'(\\&ckH\]\)K<}G\`T|\\\Z44\c\B-&Q4;\Y!x\k!)rgGB\j\Z!8\CDU\0\\{e^U|*5\/\\\MZX/\ ?\\0\0\0\0\0\0\Z0:/\nŷش)]PB,\lQ\n\X i\'l\\bZ\\rb˨#ka$sL\2e\Ҩ+ .Og4B0t\\_$uq0>\s\\̃\\nz_\ZaNT\+\Bρ;tߓ\";d\ʒfA\0\2EF.ᘩ\]\ I3bAd\\WZ?L>8~\>V\\\`\\D_Z@/S5\iu\Olc\q\\I$D\"U,[E\V\(\\ؤg&ܖ\\0\\Y৫[\uMm*Y\#fI	KI \'\#\ޒ\'5\a?\$\0%	8q\\\\%qޘ$8*`$p-[\\\n\"n =\0G0\\K\n\\0Mq\\\\\\0!\0\0\0\0\0\0\0\0! 01AQa@q\\0?4k\\>(H,9+\F\2DF\rbc\AV\t\²)\C2\#	<X!_m8!&\({B	6\6L[\I%u\a\"tZ7ܓ؄تBB\0\xIzf\~#۟\|\n;Фe\Z5$\"Zmy\n\BUA\	+b\\!`rx6Q3\	\Ѭ!a\nJH\\Ío\0\"E.n\Z<+>\Z/xB\F\J\'\4x&Q12llohhhtćłbb \1szxJ3\b	T02 D\\Mh \"\\\hkC\t\\\\Z\m\ZD!>1\Chn\HL\D\\ZD!N<7\nQmm\r$=++++++)K\Qς=#!\"\"\"\"!;\\Lz_\EYEFFFl\X\\\\rЩQe\0z \nzaO睦\ѣDD\\o\nBr:ĈjP\\?貊,#yb\\r`h\n,\,X}cBO\Dd!](Yo7\ņBuBy\\\nR/+\rD&\a\n\)\<2\0\rB,!\Չ\\.P\{\Z(461\0\Ya\!\\0 \0\0\0\0\0\0 !10AQaq\\0?\\]e\"5G\\q$$\<%~\\;64`%\7p`0\,s\/FoH	칌\0},|\'	I^cf\lmKp\ǂkX=Ōg1j(|>oH-	\%3{\\\\~Y\\0\\rSn\\$6NR\\\go>\\n0oY\|\"ܖKcGvSS\\.bL<\\%t$?=-G	\Y3<;&\pT!U\\\DF\(u9yc~\\"\\0\\\%\ma\\[e့o,\,ΤId?lO{A\\m\~H\Rٰ$lYb\\\\f[mXah\͛6l\\em\k\\;pdɜmmmmm\Yes}%\\\ty˛6,Z[l:OMÌr\cXbŋ9{\yy\\02GG\7x#a\A\,Xe	\mn\/Fj ڷ&9$\g(\}\rN	1\|\,`\nݦ\ى\͎@r\m\LG\1\{8bΡeY\3m\\?fa\?\\\G\<\\\\\\0%\0\0\0\0\0\0\0!1AQ aq0\\\0\0?h}؄4\gߺx\:ܲ?\\\@\<E\\\r}\X0\\ؖ\\\Q\鑃\\yxO?iؖ\a,f۩\h[y>s\\r㍯[d\'@\|:N\\k^\\\Ԍy\lv!4\ Ɂ\hQyb\0\\3\+ ;ql05{`S;A-p\L\\<.çi\cGc\,\<\\$o}Ys\d쏹	-kĵ\r:<\r\b\\ȁWC7e`\W-g7\/pɛG=)`\\\Fg\׏hŝ9G\".\X\\\¯\\)j\n),3R~K\a\\',m̾aF\"CH\\\\ rR\ \7\ϻY$\eh/쳑H!s\g\v3Kb0<Y\'K6!\u|\\\[ \(c՟V=X9?OHhfI_\zoG\\\-ȵ\ P&LF~˼\l0\'\~	Zܔ,\NN\\\\XI%Y\el|4\\'D\El\\\!T%}Z\~y&DȎN\>lt[O)Ä˄Į\H&nб\'BXXHd	&@\wz:2\$έ(/T	\6d3m\۰9|Hzm\~5[n\Sm\.\(#\0Isg\$#و\`1I}\'\'?D>f\FYlf:0`\r.\l@Nsh\\^d<\y\gC0ݮm\\E\S\"\\U\@sܸë\\\2\\r\\ջ\Y1=M-/\\\=\\\D\,v\2		~3\\!-AS\ \ǻ\{Л\`c<\rPe̽\byn\0i\bح\YeYgGk7jN/\zd	%z\0%z/>\+nX0\dz\ͭ,\rz-\{%ypUjr\\\+\-z-\\\\-\\Ğ\q\3\3\\\σ=Nz\Zض@\05\c\dVߢ_I~\~\~\\lO\\B{\zkկR#`폓\؞^\5vq\\\\\+\￭j׮y;H\\a\0ݧ+\Cz[kks\WbN\\a/\0\\po\'\k\kYetό\M\"-\\r\0^	]@\{-b,\\0a`c\z[\[EvrZȜ_\\ի\\\\ \XO\boܠ.,D\ēiQ\ӥf6\L\\k\\\\?]F\7ȸXn\^gk\0d틽=\eŖYnZ.]9\ nw#x];\r\' FW tn\\ϻ찰${˼\ 2\E~\\\\\`⧏Q\,Y6\[[~*9Y<k\~\\hQ|6\r\2v\\\"\,\,\̲\\\|6=3\','cz_ambient.jpg'),(190,'\\\0JFIF\0\0H\0H\0\0\\0C\0\n\r(\Z1#%(:3=<9387@H\\N@DWE78PmQW_bghg>Mqypdx\\egc\\0C/\Z\Z/cB8Bcccccccccccccccccccccccccccccccccccccccccccccccccc\\0\0\0\0\\0\Z\0\0\0\0\0\0\0\0\0\0\0\0\0\0\\0\0\0\0\0\0\0\0\0\0\0\0\\0\0\0\0\}`\0A@!J\0\0\0\0\0\0\0@\00$k.ќ[pϠ\0\0\0\0\0\0ѝ\wT&\˰\0,%\0!Pb(eז\0\036^]D(A@	Pb\}\0\0\0#)\û|\\.\0AbD\0_G\\\0\0\0\\m`\0\0\0\0\\\~\Z\0B3\0\\\;˪j @@S|ݾ\\4\0Q撃\\0P݆\F{PVh,\0\0	\8\m&\rD@O\0\'7}/5!yh\0\0\7|\0@\0|\0.i\0\\`\i8\^V>} ,\\0eK\-9\r\p\\+1\\kq\8\\0O\B#\qVy\\"ӝu;-P\[\~A\:\yk\0q\=	i\e` \"\z%\"\\}Fg/:9SXELf@F/퇣ΰ튀.\%\0ۏwӖS9\aiY\5\@\\\\m$9\\0W+u\A\9Dˋ\n\\SU\\U`\t\0\\\74\PE39g`\\\/6\y\MX\\ȅ]\N\09>O	Tf,),49q\ztk׉yu #\\\\Υ\'#>s\Rk4\\\E\~\@0wPPvGӝ\\\\|v\e\s\\@dr\+ðbX\\0b-\DCG\n\Yww2\'˪\\\\X\0Y@\!PJPH8pf\]y\tk\y\osZ\0,%+N$:!D:\,zq\\\KyuH\re8\0\0!RF5(D9\\^\yôy\|\8T8`F*Tc`*qُg^by\0.އՈP#\ּz8\"5\0I\'.\0羴\Zs\3\ZO=\\\g\0\0\0H\U\·k9F2pk((%b\ZuJX\\Zێ>a`\8w\u9e*54\0H\\0^=n\떕\\F]em>kQ5o4ʪ\0+\0\Z\cxɖ\q\/iDdjQ>h*T\R%}?Np7fSA\4\.\ԹAO\\n\\0,\0\0\0\0\0\0\0 !0\"#3@A14$2CP\\0\0\0\\0\0ug8HJ4peV\E6q\\\\'\n\?Ur\ї\ݟ+*3®uվX-{pogj\s^*وV\u,k!2Xw\<ȧ\z&Ǩ\Z\ԀoyUIH/z@eOoQ+\'5r5\ zr6䭹jBY\+g\Z]wjB%\\ne\$\-VJP-\\\r\N8]Ges[\X\A\QAU1\\0QX4tbҭ.D\N\WuL\\jغ\\{!J!/^sőX\\mQ4rZlL\A\\a\\H\^\Z\\\3xH\\<F+v\A\"B\\ڍܸk\nl\wrAm\h^\"\7$zh\.\]U\0@o\B\Fv\4\.ԣ)~(\\\XI\\ZpӮa!93R:X&D\#\x9\?cRP\'M۪B\\ \j=&zXcZ\M#\pE1%UǥH>d\wz\\B\\Zȅ%z?\ANƼBW֚\\\\9\08@\p\\Tm7s\e\QB\\g\<\t񇧒X\j`liPU\Δ@q:w]I\"_%ao8&9Ym9xK^(k8a\0Jb\B\k2W\uZV/[	\!\BYI6\_\e\\Z5\2\r#\>)`E-\8~2nB\	BX\n\\\\rI\4\\| \d]\̝$\7P\w\\\k\\\r\JA\\\'1b2`ɷn\Uג`{\\\Q\Z)Np2~J\⿘F	\\\\Oum?\\w\'⴯x\\Z\\\\"6\\1iw<CD\"?}\\@h!a\\q4b\\\X\9\0rƺ\U[\"\ZvM\\"\{\'\pӄk\yRjHwd}\)βq=\94\"$JB\"\ث\#QR\QDt\־i___\\0)\0\0\0\0\0\0\0\0@!01A 2Q\"3BPaq\\0?\0H\'\3 `r돘r `qݽm+8ո66w\0x.tFMBo\oL.\cC\ry\\XjF\\F\/s\?d;g1:mד\O\6?\4ھ\KK/}ժ\zV\h|\G_ >o}jeWW\0\\y`j\2\5<u<\\M=O5X\\UW??\\r\~{\K\s\K/>	#N\\f2Z\kѣ/Qf=\\eo\hA\n{ZW\x\CG\\\\c\sy\^q\J+o\\0+\0\0\0\0\0\0\0\0!0@1 \"2ABQa#3P\\0?\0[\O\\֏?jh\|o\Z\"xb\u\ęFM<L8\ni!\сn\\O\9\r6Xt]q6\,/\\rkt\S\\\k\b2NHt\rrS-\Q\gfUzCv5&\\Z\&\&\\\yt؁棏)\z TMC]K}j\m\+b\{<\LM\'\s92\"v\\\SHǘZac\\6\_\\\\$˲\1\X\\\\4Di\\0\Tų_l	\CVpk=kyw>)W$\rzXM0)%\\_\?\<v\x\FQ|[>M\L1\muACV\0#cV+S\ښ2$p♱\ˬq~\{ N!5`\ki~C\Le\(tǰ\\Au\ԶQ\B>3}=t2=0j(\\\B7[h}\\0<\0\0\0\0\0\0!1Q\"2ARq0@Bab #3\rCPSc\\\0\0?\0KEg&	_\_J*A>kX$\Z1*k\0P\\0Ӭ榓L`\$q4\nc=\-E\6]\[lx\Q\\\{){ZZރ.9\F\QE\1z\i7J\\V\V\\\n\Ś\\]PB\0\\?jIB\k9Z՝nW\\|6}\o\\n`1G\\w\f\範Ə?\͝p.\9\0nާqݹ\!xn\&\Q4\ӸB8[P\5RyoQ\'\Zf\[~j\ZS\\0\n\,-Q\I0\\|jP\+\\1о1Щ\0K\\Gzd\	㍓hfD\:\x\g\ڀm|qV\Ծ\\\\	v\\yn \\1\n\"\A\ϗX\\\Dj\Lof\\\\Xn\\@w{x?\ݾ1\ZN^l\eւXGr0)8]\TM5)^\׾\DT\\\\E\z\\>\<*g\	dkjZԧN3\\J[ojb:\\Ri\\[M\\\kT.6<I]\n\\\p\\\r;/SEz\\;(\ԞcQ\q\\6ũ+T\w\ݷ\*\XP4\\lպ\\SRi\-Ms\\$\\?+]\Ӝ&tr\\E,,c\t\\p\I\mI.\j\\\rx\r[DrF,\\z֥?u\e\Ai]0;$YSY1	\Q=]S\hdw6\Z4Y\,P\<!\'[0\ZRl8nn0RGpƹ7O\\0.>\\-[\n2\'\$:X\0>QO}5v\\\\}##*CJ\W5\³6OqA\\"\\\t\r\O\Y`BpoY\\R\\?2\N~A9ё8q*=\?D\nMɸh\ݗN\*\V<\=Ы\0÷\Z2wIOk\\{2MxTIJ	\]~Z,:ǁ\5L\ FK\\nӀ\9	l[~_F\n\!\fj[W.R7$\\sQQJ\ĭnE\\0N\[7_+RZjkxZ/jZɪ\&׫ۚ\q~}\\\0+W֕U[pVƊ{\\'\. &\\}+\7\\l\rBM_\:#\nL\_5K00ƶ_	S\e\6Q\&4<b\\c\S6(o.Fq5I]%]VwF\N2\	i\v8\\Zl\\'?D\6\\18hen#Po7S\\-3\?uPyS\\\*\T\\A\\\gc׳߀GEV\RևV~4\v\n\L8\}\\xS\\nd\ZvwF/6\0`\䩳kz.\q&HN,ެ\ZN\?\N\\\0\<Ί{\\n\nX\4Gz\X.;`}\s1\\{0	x\w%ѷiވY\\\4O\n\alԻ碻\\\\Q\>i-<\:\\\0&\c\{\`\\W\\0*\0\0\0\0\0\0\0!1AQaq 0\\@P\\0\0?!\0ˢBtgp79\0>FdO1e0l<9\\\j\tP\9(\v\6Q0\:ی\(\},6{^Se\v\0sY\\\6\PM^\OȺݮ\0\\a\D\O%\l,\gފӯ\c\\0T\r\\_hxOw\D\5K(j\\\\\ X(\\?\v+<`R\ds\\n\^*%\,8\\'MX5i)*ϞD\]\n@܄\X倊<\f\<HI*x>SA\\eqAK> \AFȄ\=X8L[Eej\m\vE@r\=Ww:΁ƣ(釠Ga\t\0\\Õj54\)\L\\D\#\ 9wJ>c\?2H4=s:om@\*\=\\\ZFp.{!`\\ZC#O\\'sAX[ШY\\M1\ZH\Ts_\h+H;с#ya\\\\\\\p\5(\\MʱEN(u`\\\S\Kmv8WyDv H\(F\vD\:7\;xLq*#\J\4+\\H\ȉ\0\匁LOϟ	\`!\#B?E@\d!u\\"~TR\\@g\n,n>\yE}\"E\oOaƤ\B#\\=䚓X\\\5\W\4;%3O \B>\m;\r;dX:\\'\A]H\NN\>\\E05L0D?:Z\\\84h2G%2\0\\\xߙ	t#>\\m\i0bPǐB\DU *V-\\0\\\\\%L\XG\K{,\'|\\J;\5L\01nFz k6g9&\r`C\I\d1a\0|EM\!\-\\ր	4\r\9oZ8\Y3\W\\\i\K]4\\\ZmV;\\®8`*^1D0]\U\\\:sUy\\pd\\ê)\\ߨ\\r:O/LA\B\rT{?\	\\0fǻwL0@\dI\1bq\";a\5𿀀OmnF\O\"0G\ȹ\0f_x!_\b\\"+[\\(l*Q\p8)=\2~TZ\\`ˢI.dCD#]m\P\"A}\\]@,b \<(\\T?)A?\?(\`\0B\ng0PAc7w&\0skQP\k*֤j|#\'\\\\؄S\\t\Dt_)8\ià\9ϰWFQ9-F# 3\n\"\8g\'\M6Er\\\W\*\Z:y\dhYW@At4QL\ndڊ(H\`dAR\\ TpKL_V@\M&\\\0D\'Cч%?UoXmPo\蝍Od\"ɺI%H\\\nU&\&TA+\jP\\0TSES\[E\rNp@*\ȖrA\1\"{\YD0ȢB\&SC(U\Yf@T\,\)DrE(3/Όt\%V2\ZU:\rU\*Ϻ\ZEH(UA&݄*mI՛R5a\n,uQhT\&\0jb|\@X\r\0\(\B\0\&.U\vE¨ e(GZ`4tJ*˩;{0\\08T!\0`\05\\n0=Kе8S0\7@\ȡ\;2\\N\0\K&\\Y8)Đu\RoT\g1^fՆZ+\N®\_xN/m#\$\%=(Q[K !\\\\p\\PB9ʇb8uH\06\B0\\O\\\\0	\FR5*\Ġll!()3\U]I\rc\0c_ ]\l6\=\\7\C\n`0U˜΁\p\\bwO*\\0o?r)\n$\LB.\\\\$t)\\0\0\0\0\0\0[d\0\\n[m\d\d\Zm\d\d\' \\e\\4\0\0\{ly\@\0\0	%\/}\0\0A+%\\߀\0H\Sm\ҀI\"\k\\\0\0\0\0-\o\l$\0\0\0\0j\\e$H\d\0H X\m\\0\0\0\{d\0I\0H\;,	\0$7i\'md@ 	$)m$\\0@\0\0 zv,\0 \0U\t\r}I\0E[`\0\0\r\q$\0p\06i5-}@ʥ)وj\>\=Bz\&E5m6?\M\&\IdiI~\'D\>%\|\\>:d\&\;?] `r\\;i$IO.2ze0C H\\\RU/@\0H7ȂV\\9H\`\\\0$\0\0\0\0\0\0\0\0\0 !01A@QaqP\\0?\0\A{>~*뎷\g\)Gn[i\ݹ\/டٮ\\lwo\\9Sϋq9w/P\\>17v:>qe}Ɓ|b\\\nX\!*?,%\r>*\0tG\6㚃\\\=)L	S[qԱHZ R\΂Slܖb!X!(+\o{cF\<&~\%\\nݕ܊~h#O\\=,͛#ww\\\[w?tv5֣A\GT\h\:3CRJ\r\0I\鰼V^G^Gy	\Z\\T%,\c-\\\ц\\\T^U.\%˝r2ehm\BV|.o5$*/\1\&\ym\R\=K/\\\0*\0\0\0\0\0\0\0!1 0AQ@aqP\\\\0?\0JǗ\c\X=h)h:U?I׿g\\\Ez]gv| O?c\D\\4|]\Jց\*Je\0y\|+]oR\Ծk\\cLd̹0ii\\5\\'L\0\>-\2n\\\\{eӷdv\0j{\*_\\P.]~\5\5|\{)cMp]a\r\9\\\ۙWf\pF\1K\k\%8ẄY|^\n^LF*\찉T	_\6So\Aqd\\\r\'.%rp(\옪\0sOk\8U\Y\_\P\xR\\0\\3L==\\\@^\0\O\\0aƥsr\\\\p\\3\\Vbfi<g$/BW\6m^qe\1y\rF,\\\J8<7\}	xU62\\S\ǏYP>:5\U\.+\=qp**\ʏNUfO\\z!\okP\B0f\"B&y\P!*fo\\I\^%\\3\\\p9\^vv\&1?^V\"d>bt\\J(\>x3.}eǀr\\35>7L,%\j\Z%@\T0C(\\\r\s\\0)\0\0\0\0\0\0!1AQaq \0\@\\0\0?\\\\C\\0龵\{1\K/kuc%\\eƴBn\cQM\0:\ꆁ^;\^5H4 <\\#\/d\\\\:b\"R7yCz\\a\o;d^~\\?<\9\7woQz\'_\\\@wcR-;Gz\0ʐYk\%,.m\##i\\Zy0Pm0\A\0\0\h|:؄5uo(C\\1pF_\06TAA#\2)z\o\\\[Q\\Uw{J\Z\ \\Nݿ&|fTI6Z\adG\,11(M\Dpޛ\Zav\kԽ@^?\0O\Avdi@Ӱ\ \0A\n \wwR\#_N\%oNO1L\0lLp}ѕT*\Z\&+\\Oq\)݃\3M[\\\0\"qj\\`\">v\\\`/\z\̼fo\^4Uo\|\r\a嚑z\]M!ҷmL\]XU\\\|1\E˧\>V>\\r\\|ul\nXgnwO𘂉~SOw\G_K:\0\e<e:\\\r*h.\\\\0nr<h:~D\0-]c\\p\\0&DqCeku\\Z\UJ\ӻi\n2QeеyN^հJ\*\d	\PI3u=̓AzZ\=@\97:m\M\`Bߠhb;`q-Dh\g4c&2\0Z[mh\\χ4H\\v\4R~Yx\Z\ں\"@`(  \n)cV:\ӻTKPͭF|\:}{zAN\\D\FE6UG\wQJ｜ub\\7y=\*ڎ~T03\+j\nyVJ=\\e2\ՙ\\c4`#	\'-Eg62-\e5\Fj|\uq0KQ\!\\\0E\m|\\Z6蔌S\L\\EE(\վ`\"^ \\\noFd:$TB\\V	\Zۤ\\BKJߣ߉g/\\Zp\-\Y,&_)KҏĄ@\\Xd\J:jV\Gl@\'\0\,a\\j;\'Q\B6u:$u\嗐z<q\ހ\<\4M \\\(:_\^\\'7o\\\+W:^\\Qt\F&,\\\ep\Zin\\\\\\xCt@\n>6\\#Hkg\>\?uGW>e\(^؝v\ew|\\0\Z-\Z37\_\qp\\u\U\*VB@\0;\"\o\0Wi~\FP\9[\\%\*R]]+[\Q\X=w΢w&R;\	Ƅ\(LxhZ\{^\J\D;\+DMf\l@؃ytgrå\%v\\Ҩ7\~7`j;p(pw=\Z(PA\\oBK\\Ǣ]E~ۇڱ\-Sb,){Ԉ$*:庸\0	vL6d8vs\-{\x\\61삥hmz\\\k.\nEaܽ\~ÕaH\"%(Ω|<ΰ-^w1PiRq^vK6\\\Kd#!uZ?)꾅\U[	\{K\4Z\-]\z\bM\WQV\+\@_2tO\xV`79ɯW\\#[jw7]7z\6[\C޹o\n\\\né\\W\`D7_r^\<\W6=xf_|+\\\r&$^\\|6Ä\P^L)6X6~_{^\F\r	rj6Ӷ&4X\~\\\θ\A]p\\Z c\a j]W魑Qv`\8\}\Zrkd\hݻqZ\-F\\i\r\\qFe\r\ihdFP:+\qޖڍ\\\\Vw\b\~\hy-\\`̀Et~,5\\\ǣ\C\YvM˶Y]\ŝO`\ʉ0Ks\|FK\:\ 6{\\\q\&7+\"͎zUJ\r\nC]\9\\\3̠Im\UFEE0Z.>F\\r\<&\Χ#눗\E u72\%m\\0f̗Fe\ c}1\rĴ\\`UyqE_TРY\>\ra9=\0\ۙ\;q/1bǬ~\RfXK\\.\m.$Ɏ\nML\\r,\Z\+(\\\\IS$tv~\\\mU\\Zz!\$lƦ{W\\Ak\I\X\\\X`rCC\^f8=p^Ͳ@#~\DfbsKT\r\\\\\\\6J\LD\	cbl\He^,\WWUl\\\]1[Z5;>\\u\Zp\\0 0~\XkA\!-\\n#\\Z{,eX\sk].Y +uWBι\\"OE\\_\Q:\\эgEʽ\XZ\rMaĺW(i\.MDd\X-`7K=2mղ\r\iA\4[\+ K\s+\ZN!^:\0j\\֋կ;q(\0\Z\\r{ūZ^%Q0\r\KX\Z\r\CYDҪY\o\7XwU\fiqfvY\\n\Vway1zǴt֘r\!F\\\\0\9\0\[\\Z^\T=\0gQz\r\Zo=18BՎoMTxzlKJe\,10\.`\\˝XZZ5xe՗CH\&tk\o\,X\˃@\G}\,GQ5\\ü+JJ5\r3>_DhX5ĭ[u˃}XarpGQ\\$\-4#DqsZ}Ɛ\\rW| q\\\ZVF fBIe#K\-\r\Q2¬,uͼD\\nHaV\\nV;\n:\%(\\^C!\rs̐ijXN8m>5e\H\r\`Y\-\[m0\,L\R\n%\n\B\re^}u4g\F{/\Z֯\pw\-K~\j\\ش^V\Z\0PҸ4h\v&o\0uO2Zw\cB	C\J/\\͎!w1Ք!~e\:\0iiQZt(@\\"+\\K.ėi$ˉ;\~J \\0AЕ(\+_90x$>\@\0rE\r%\px-\ˊǈ\\tޭ\A}N}\`\sZA]\f&)&\ 9*[\8\\\\tF6ws\CDs1mS\.e\\-W^;$1hwa\Uc\l+x\\"\Ս3[!{\}^c\A\Z#Cس*\J\Ghմf1L\\n\ec\	\\wLb\%\33ô\S@+\\\rE]TZ\0,8\G\aQ\n{5\trXݲ<̋E\\\	-\\ÕF\0̎O!\4ҥM\\=`lP\[L\4\"\\\\,:K\9\n\`fhgR5=\,v#\\\!\@Rt\'ݦUKQ;f@G\We\n[\\Z!*6\ݕV\\n%\.\\侄\\!\i\Z#s\W\j\/6ߡ\rbeM_+kf%@2CH\\\\n\0	j6\k\"f999`\t\\','dnb.jpg'),(190,'\\\0JFIF\0\0H\0H\0\0\\0C\0\n\r(\Z1#%(:3=<9387@H\\N@DWE78PmQW_bghg>Mqypdx\\egc\\0C/\Z\Z/cB8Bcccccccccccccccccccccccccccccccccccccccccccccccccc\\0\0\0\0\\0\Z\0\0\0\0\0\0\0\0\0\0\0\0\0\0\\0\0\0\0\0\0\0\0\0\0\0\0\0\0\\0\0\0\03Лsf?~/!:W\nOF2o|{v\v\0I`M\0@ @|\#qu+ h:\jq\s7q4O5ڠMYXm@\ @\(	\\\\\hzy\Uu\,\f\S\#\\zL\@ @\X6\K1T:iv!|π٘շ7\6\`@ t!f鶦m\\W\\\\\rwbT\\<q:8+ @\ᚆڬ+\hMV\s7N,ҙYPѾ۪HNT͆p!:!1\^\\e\3;`Ǘ\\u\"\3\\+wJ\`\`\@CEwz\\^دKj\\rZ\	\\5K\ \O#˛;,VդsB\r\@ІwFWF׮GQfuuG\\t\w1:s&ߺ$dax0c\}:\H\Eq\\{1g\1M\0dFT;2\F[G~y֙wՇ\\n\\G\i҇9\_\ڍ#\jlEE+ECjRl_83\UҴ[n}ձC\\"9m\\\N&\wڳa2X\Z\0\\^\q\\ZJ=\'⺺tR4\\^&\}\\\\ژg/Lx8=vNf\Y\E#\Mt_\W\{\nRN\^\\V8\:9\\Ud:\ֆ\Sp\	ӂ\&V\\\\j\N{\R=:	\\\\i\\$J$\r\\\\\o(\sk4\\ٛ4zn\\slˣ%K\r|5W0\1\%C>nSrkvƶ:\R\A2#\p\Ͻ\=8՟EgV\Ny\r.{5\'\\$_r\\ܒnWXE5nE9i4\Z\m\bZW\2<\Z;i\M\=\ZOzޒʦ{oq}XeE\M\r]\"kҝ:Ae\9\W\Zi\K\\)=\S]c\-UߚV)(\\a`v\\Z>]|\nP\,Y\;\1b\'~\\\{bo30\˿\tH\=ls\3\\G\3Gwy_Ay&\؏>o1\N\\0>b\a\Z\R\\\{H\<nO.\6\QȾs]?\wG;\>BIU,#4:#.\x.e\.l\y/Cգ\9.\\%דu#\9\ރ\5Q>Ͷ5\M%\ŠuY\n0\\\\!M\hܱ\[{貇/#ժ\2]\\\\3L+&\"\h[	k\\1D2:Pރ\\\\'[nͯWci\n#\j3vNwf\&\[^V}Ʌ\r<g\6\_4ݐЧ>[57	<F寋7y\'\\ܳS$\WAIu\n/wb\\;B Yu\h\\\\S5\Q8g$bۛPN߷>V	us%M\9)@{0\\\\\\Z^?ewUI\'UGG\\E	\ro\\\Ha\Z0mMId\Yijo[ҩ\|\\0Nxi\ZnJ\\@8\\Ũ\]\Ul\K&dZY\rv怤BN4m\\u\0V\힟fj5B\Vh\\\s\\z!<L\j֖@ok=\\Y	y9͞kҟNI.E0\7Њ\\\`{\8\\Nv\r\y\C)8kCI=\!MI\rNv\Y*|܏_k\\(=q\\1-m5\a8gj֖\Z\N׸@I&4]nv\IS(xً\ly\\Kqo\G+sv\|J\ /:i\Wam7;I&4]nv\Hn\7҃Us\^:Rϣ-j)\\r\S:\ց\-\\\0*\0\0\0\0\0\0\0\0!12 \"3#0A4@B\\0\0w5\\rx2WAЧ{DVj叐)_\h\\\x\';\\^7/\\ŠM#1ih\γ5|LtXkv\\A\\+\\\#.X\jZm\\Z\QǴ\9OZr\C=E:O(?\0\L\RӔcTxb\-boMD\n@6ݐ\\]CcmY\\L8\H`ܳ}*\u\rJs\Z6:9\\rjGS0\n\Zg~u(f\_ק\ۜ,5\\RD5Ҳ\:h*[u\;B0h\X]\0-%iuʍ֚\\,4lV*yEc\+?\'\\.EH`^V[4#B\"#r\z\^M\\\\Ze\\vE\\'\R\i½bd٭r+x5d#IV;\"-u\o \M\\\4j\\"\\Z\\U\I_\̲T%\0\m\\\\\i\r\\Z^;Z,;t\\	ާ@Nܐ%v{6\Uua&i\ \/\M\ra\{\f9\n\2-\ծ\gX\]\jю	EԺ\\ܷn\"\'k;	\{(\\5\Q\Ew=Ai\\\\騪5\1\]RQ+\lWAE\\\f\,|M/U\XmH,H\ex\\׊\&?\\_K\5\-h\rlʉ\3`\6T\nW}\x\yv\,j+~c\\ȴXy\\_i!Mcd1\hl]F\\=\0b˹iVy_\ޜ }w\\Nj6\\0\n2\ZL\j\0ſ~\In-\YAց\}4de/4(5lI\5-n妵%sZ\ZػLJ4w\x8Շ=;W7&G٤\O߶\m\2\S7y\rUe\.dƧy\J1,÷UI,G징*\;\O*<\\\\Z-\\\f9DlUj\SFR\+Ky-\i\8R\\0u\r\'\Yg2Z]6dW\\[([]kM\_&\\[EnT\\\=US\\=E{EBzgZCZ*\\"\Q:E\C\b.ZF\t_-\-\ÑL\\=E3\Q=E\\=E\Q9u1OSDOQD4pN`ӉE39#nvFڈ\R\l(;}㵽\\\/\'8Nh\ǱGctM7U\\\7CR4zMP(8nrq9b(\\(;5;ii\1wwIi\\ZX*@5<ڡ\\,b\l/dO\r\\\NA\Q\_RѩE\&Am\\\ᑏ\\{{+\?Ic<\\[fX\iمr\\Z	M\Zg3Ӵ\6:@\\]\s@MM֪\:i\\n\\A[{\\\\NLE\2{\jNZݕ*Vrݸav\0xeO~\0fXD瘏cK/Yf\W{\tU\n%@݂\?x\Z1_te\ڢ<Oc\r>*\ox{*(\Pzm\ۣ%f_߯]=\)\~`ʻ\\\	\y>A\3\pKCo?\\0)\0\0\0\0\0\0\0!1A 2Q\"0@#BaR\\0?\\|eD\h֕z2П&\%H\>\R\\\'>/\'\b>Ia1wd]33N69S>O\]\Wc[e\^VcJ\qBz4ђn4S#jb%fw\n[H\KH\I\>fg\*R\y1|\ycc:TDfN\\LS\=fޕ\`K\>?\o~<\dfDG\Z^7hKwF\E3G\rا\Ѹ\\qp?\Z/qrzRT$z3|h\(d7\'6ӳ<\/q\0m\Cac:1|쓢v\'q)Gx6\\\\z\\6c\_d\\kW3d\m\,ͳ\|_6G31&VcTkؒHd\pER\<>9\"\0#b͉GWHK\\I&ȺfNE\\\KH<>Xݘ\$Н<2\c\\c~DhQr\0TN^ɺZGWѽΉ*#*Z/d>\\o\"[	Y9lTNU\y6}H\,u\MK8\\\\Z<q^\vfD\nzl\P3\Bx\\\JvɥIt\l\\|4\0tM\'KcK،[y7qd&~GVa\ˍŘmǴcV\ZZɓvc|VdK\'|%\)\1qu\|Ě-\ZCLL\0F\\\XZ¤\\#J&g#\4M\\\b\NmcU\8\&\ݐEIdQ\\\7\\K!6 ޓ\X1Krkqk<\\\$\zF\r]\K\ZfLn&/\OF>ZHVSѕi\ibUhT׃\C[DH\%yq)X\er7!M2\c-iF\ź&\\ƪƇ\dh؇ы\8.	\\'LR/K\2\\hJ)\\7\\b|c\'#^פ\вŮM\?_ٴ\ޛ\LFzEWN\'Ƙ+#2e\\\\:#\\3iQ2\#6\n\r3wHφB1:%+ъ^\\\>u]\r{\џ\'\\+$\Z}Eekg\nv(b6Dx\\3\\0e,l\/OJ<%\ZbVδR#+\?~͵/\챶[\ǥhY7Ƥ#K&c\\rs\de~\\S7h\$G%+!bTEZfz\ZF^ٳ\ZKLc\B19Q\,#\3hRLk9#-|\֑zϭ1#Ј|NJ\]i>\\9n2nk\\0+\0\0\0\0\0\0\0!1A \"2Q#0@Ba3R\\0?v\l$N6<Im\\X\"TXpE\\R>D\\A,mo#rJYdbjF2Iif2h\\Qoイqye*J;\(\ZQ$\\+&K\$HU#Qi\&/ܔ\\Q\\44&T܌-%V(\2~\9iD\ZYbwHT:\N\nqܕ7\r\\\'\ڦf\u\\\O0ZI,\n*\Fg\\\'VN;SvDճ\fE\9㗴\I\\\\\\-X&,2T(B\\ZWK?\{xE\y!S\J9\Jgfi\Ղ\\\Qû1\K#XxX%LqɥrDO\%>	=\pEe\q^FQ3NvƼ\Ju,\Z#23Hq\l\qGL\Aa^\\\~\nK\\"[	\G\'m\>\j\!\W\\䨷\)$I7\nN^\nq\uybDM\\r6Ȣi\Z-\ُ<2psgfK\)f\\ͩI\Y\"Ʋ%OLI\\Zd\\H\\F\\R\|\\rG\sn\?٩6#Oͤ\"2T^mkŘ\\,lqx69{\|J|Hĳ\'>P#\;\\*>$^\\-),ħ-͠B8*-hSǜ	I\n\aĎ#2|\s\C$U\'\rO\\80MH̃R\R\ɴWGM=q*|L\?T\$G[Q\/+&T2HXE?\b!Yg]\\\\\eK4܎zdTJq:ʚ!RD!b\M_\Tn\~\ߙKœ\--\KVt\eGD\"=\'\B\rSTNU$PnS\ZҰCL\(\\f:y\ph^tꪐ\'\*\\AQ{7(\n<\\\\\\F.|\\\KۖW\2c\\y*׌c6\\z 4\\Un1I[\0G\\ၦ\ɒ%QNeG\.eL\\\\\'#vN^\nrE:U#:B6~5C332j;Wu\n:qj\j4\,4E>%/$17\tjg?\\\\\ӛv\hv\GW\zcW\\O\TgvjygjvͲk;4\l\\(|G\ܑHi#\MϦ+\n$S$l\GH\\\	6`GͰnuєč7򷼉\U=\\\v\\\\"Ը+|_+e`M(\3\\O\vc6\\\\rzgV8gOwuAt\CJZ&\Z]ٻGLkP\/.0v_4\Z*|R\\?}(\nGv\/(G&ܗ\\~N\;\\<22pdt\׽Nj0p\nYVx^V\$5l\^\i\\Cx95y\'\'#vQ\6D^\F6Q;t\\*LT)\Z)%E<luNTx)d\EAdUSD#\"3j\\Vr;ğ\"\\Μ^	MAe\'Yda)/\ҷ)\n5hezI.-\\\+|t%2o6\0S[\P\(\\\03\0\0\0\0\0\0\0!1 2Aa\"03Qqr#@BbR\\0\0?\Җc}t^1Y*\\N\m)zIU+ލ\3s%*fLq\T\٢9e¬\ǝ9v\\U<\\w33eF	O\kVY\r8Qڃ!\n\\zTPB?\\vw쳋\ʭ\ܪ\ɛ*Sw|5+3)Ѹ\׹T7Щyfztw\\v6ȉ=ӭ3}-y^\+\Q\jF\")!\mI*28\\Pń\Q/	}\\h\"z^+c^H~vUMB\,2~\vgu)\\ىY?\"|\jvsg;JI֊YP\#rE0A\ \T{ZYW++JGɃhF\̃\7\i}\PLME;\s_3,~qQ\0\ߩM|\UuL\3ΩBU\\Z>άT͓K;lD\d\ܧ\<\;NEx\r,::6t\՛=te?R?K4\e\t\),\.\"\g\?mD:\\\\t\a\K\Xy\NQT\\\\r]ܭQU.\0\\gI\Z()\e\r&j\pS+\'d\e5\\\\ޡzm\nh\'\LN\Rc\r<O~j8G5e\_m \hT\JP\\z#\n:#\ت\D\K\{I>T6\0\\)>\ٯvMN#\M#34+\\0CH\N_\]RM3RЕ)\N:yA)VʣZ_*\Vἐ:[)\h\#\8#\*kI!\R8Y5#S\'e^fɔvݥ\'G\<?\</\<?\</\<?=\|\Ŕ\e|\FJ=\ė&f\\l\[Q\'g8U\/\'6b{\Gg2!ɏBXjRb\\O>\m1k˸\\R2yy1SJc=\\\\"VL\G\}\!d>\t\Wi~b\ђ\1۩\Wy\\=ֈ\\\\Zgd1̏\z\*K\\畜*l\\nW\\nF*L.\nJ\\\n\-\n\\h\\~v\34\T\gC+{w\絫S2mV\*\\0)\0\0\0\0\0\0\0!1QAqa 0@\\\\0\0?!`v#\ȴ\\ntQ1|jX\ЉC(A)Fz\\0\YY^3\;\X\/f\\%-\%$\h\\\Z5Ǣ\Z\,EA&\V6DUE {\Iu\Z$L$Μ0,,<\IJ>1ŒҔ\\0\\D\?\\]\ZJuLK嗉\Y\\趽\n@X\fS\(sӴ}\\⦼KHHyTZ(N\`^\\\\Z=\0c\\<>ay\Z\.\0H\\\M`V&ksÉJ$Lۂ:\\PZ\Lf!겿0\Aܧ]\3^*;\S_\x8L:6c\~\\':*\0qjne1J\%\\!\vJ\dzN\\/(ǜM~RqǺ\"4Pdal\\Zو\rAgy8qh\XfyV\|K/Rz0Hȓvfҁ\SSq\7<˵fMꆨn>1hn(3!tQ\Ne3\\P\,n@{ࢸy\S$=\1\0)\y\Z\6gpxgUy8lZ&VQ\>%\n\ZW\0ASa@=\#\{\|sˢϾg\'ȣd\\8F\\ӼCኔKk%e	\Gx\5}[\G[\\r0R \de\@ڞa(e\\]ʏ{$ڪ2\FwjbZr\m\^}\Ǹ\*P1ĳ\2}&eLu-l\\\\\\y	\\g\i	\\˫\Oh/M:0W,\z\`\;#.Z<Bjȑw\n,\\GP\\Xa[FjTr\nNcnHG\\!\^\B{-\Y\r\\\+Na߈륞\X\'ӦdN\9Jq(\*PråG(\:\ZC\naZ\K}\ ~b~^eoL\P2ܱ]xcO3G\D\UYqHl+2\\c	\\E\؁Q0<vu\r\n)>9o\">\'Ǝ.,x/7\\0\\\A\z6J|3\	b5\\2k7\C\#ʣ1\,2DQ+\1xdE\	:X<S3ۊ\`9/Mo.;\}si\>\o\\'6\mt*\͛a̧(UK\z$\ڶ/D=9*;U{`ƿ\\?$\&tF:o9Lz\G/~\&xGK\'?F\7t\rl4\\p&;\N\\_\\n,\\%TDm\"\\\npJI\\@4@J\Yn\ C\S_\'1\sg~\5@0^eH`;F@\\XF-\O\'\\'\\'\8[🤟 /\4\,B\7fkqcLn\t\\5Jf\"+\mod\#~?h	\V	Y\?P\"ꟸM\Q#M\oǴ{G\0X\CH2\/,vMb\\\CgBMt5\Z\v\6JY@\}	\ߥx\}\֛/XY0͓ox2x\w13oH5\\nu-u\"jUM\Zw:%_\UF7?Lйr\6\\Z\QC\14蒣sNs\Z\NXռcu\\ݟ9.ΊŌ)\6Jjj9\;\hyJ7\T\r\ޕNd}\NQ>}_Ch\7\\'\\?@L)\\Zo\\ˠ%M\n\'hl\zIQ\\x?ƙ*Z[߉eh \nN\Y\_\"ˠ X\+\gT7@\04T\n\\1{\\P#e<\]嗊q<\\d?E\EM_Q{ic/4H\>H\\5,g&\W\\jZ\\\D^3K;Sg᯦Ǌ=>W\i\&\%\=Zj\\@\e\\3q*\\+8U\Jt\5z)\;g\g\VD2\-L\G\+\ZfŰ\\Q\*\uQ\\0\0\0\0\0\0i\0Ҁ$I$uj\\\$I$KVrF$I$fPt, PdI$NQ(\$I$\2\dI$wR\' \$I$\GYS\$v\*VO\f$Ɍ]5풥(\q\ͯ\"Cr&\\.\=\|-\\e+DR`\\8~\\\VxSºntSG*\0\cȘ7/N\\\+yÕD\4\i]|\-Ջ&b\\|::*$9թYM{\"\^\n1Ҧwb\\|I}\n}>\0|\\k_O;6d{\.\\9\^yn\0~ڃ\;\&\I5w^.\\=)@\*,\3\n\\0#\0\0\0\0\0\0\0!1A Qa0@q\\0?\"v7?Մg_\<\\0v>?d1rO\\\0fߚzD\0ci\\_\\\{i,K\\z~?\e\\ó\-\y:=\i\'@\\0\;BxyƤo\\0(\&\0#\>Lw.\\@W\-۩\\\CZ0i\0>sn%AZ\\\f\B\"~:\\\":\\0pA\)\ykl`T-\\J4~\nB\~w\>\0\n\\'&}\\zHf\\=;>\a)\\0\~&O=\a0m^}\\+0Kɱ\2oN8G}y\.	j~v\rQ\|,s	K>\~\\w\\`\\*_>Ou`[\v\\\r̓:\2]sl\\'Gx6~2HGGmɴb>a\SY5o\]_0Y$\\\6\0\K\\n>]?O\\˗/^͟3s`2\P7~Dy\z\?ý1?\ol@C@堻G<U{Ȍ\=C[Lv1{d/\\۰\ݖ>\\$\Zy\O\0\\{r\0\ϊ\P\r(,\0-%\x\j,Ǔ ^\\#Q\5\'9`\ \lRP\0v9\\\\1h?L kю\:Orcx\\nLX\Zذ\?~\N\\\i72\s\f2ezZ\rX\\C\>7c\ᤰ\'\۱E!\#\\"\\؍-G \g\?kc/R\	^\N\ Tky\we_\\\>F3_g%2Dӗ7ǿ<\\*ߥ\r ,rS\nU寛(\t,>11\\Fuߞ<P\\\PY/w\\_- k\G\\)\EO˓\c4՟&\ZC>@iX~_\\\	?\\R,Y\rYn{!gb\\_4C>;\\\y7\Z;g/݁5T۶\|Lr&Ծ\%X\Z\m\Yv%3_2>\)߃\XZ\ZX~S|?vG\\ 6\}\6\\kۓ\\\@\9\^xȴH3\Ќ\Z_\(f^\vY9\Kc\06J]\˿\\o\Sd\jn\8\~\\YOy\sz\\Vj1\|@\\=\\\\GչW@rerP,\͵W|\\H^?6/\\Wlt\\{K\\X6C\\l\\?V\IX;o\\\\^\xGUD\⁮|\YiϢ56XYݲ/\\0#\0\0\0\0\0\0\0!1A Q0aq@\\\0?e<šx\.\=\\<Gx\\\\0\	k\n)ظto?s\\\ۑ5\<m\\6|p/g\JP#,@q\\\\\'\DpqqiOK	goml\l|\e\\\v]0\\\'m[M\Y8\\+o\4-}\g?\knH\"uVl4\a\/\\\\ e܀<,B\č\Y\p\\wP[^\\[\b\>c\KN\\Z,v\Ո<`A^\T\\}/y3vP\\s.8\\i(L\	goC\ٗI\;\hgqŃ\0\w&+\(\"#=~E-\۟m}x>\\Z\+(0\\+\Ž[`j\Xb\\5m\mV\u\\M]~\%YB\^xg\4	\zݴCu\q>\':]>\ٖL\\ĤB`\f0\	#\\?3\e\\>\r\xn$|&ǟ˄Xp\o{VcqX~H\'Vhv9ɽ\\>\<c\\yg\\2I\O#2:r;}AVͥ\d\\wH yw9\)\	t\h&\!P\'lfN\aH!0Kd\\I(n\\\\m\\`0&2n6\ZH\74\\ylE\0SzKN/ܻ4\&P(<e\D\"=[;z|/KL_@k\0i<<W\ф`lG\3\aX\\\\Yx&\쇢 ?w0KZI\\qh\\[\\=\􏧰ԹŶtk9\A\\ZbtKge8_E\)XD\ug(dO&\\\r#\\mې\"\^>Ei\# \x\p\\Ք#\4@>[\_tKCoԟG\y}1MwA\\\|\'3/\"]>	\E=x\܏O\\atf\<gԑ\65SU>@\lt\JHYplw\Y5\\\	\H\Xo>=\\\H\\˸^YJ\\gyt/ilm+`x\h\c~s\\r\\\r`\dB\\\K\\p&ϝo\<w*\\K\3<\\%?\\:CA3K67.\\\$\?|s\\g\zml\>(\܍\AΗ? \ӝ-OWf{zIl\%]A\+\aqm	u@_\\\\\0T\0\K\$}lA\j\R9\\\v\!>^~\re\c9\\\\1Ijs@\\:\\c&BjM>\:^|{\\z[\\\гM\`%\\>-a\H7\(l~\\0)\0\0\0\0\0\0\0!1AQaq\ 0\@\\0\0?O\5c\rZqЭTV\\0$~!\%Z6KeM%&V/љ0-fF>}\`\\+K\0Z*c\rϘ+\"\wP\-Էf\E򙯸\M;X?HG*ɗ(\c\!P+w]`$.Na8c^a(U@˪+u.Ϙ\!Ecn~w53J;13xdc+\V㲕+s\u\?iIcPe*2\1F\\\]\7y\0ƢO5\}-X̨\\e\fZ\^jp<\.Oh\_QF12\W{6\l0͔Y+\Z\m=\\}\\\0\0y_\}]W~\\rDkb\\\0Gf9P>lI\\9[*K\n\\Bw(D\\Z\B\-fp\0UJ+\{\	\<6\\j(q}A|g*e\\01\\'ќ\	X*\Ej\^H?­:Om\\8`\B\	.A\0K\:$NjX̷\Z\'t\\\	k6aa\Vcc;}*\u贀\\0!uS\eY?\W\V+r\7|1Yu)}M}b1[!	X\$r\\TrQ\\g\\AK\\\YS\\>Q\\ĮsU\\0\3K@11o?\\\C#\\"\n0d\'\n\^|h[a3-$HS@ÌZQ\nYHaޕuXʢ`\jy\_\\"Le\Z̭CX\澲\A\Tj\Ӛ\\OvwS^/Y^av\\>\r%*\`\r1#\Zene\Q%\7\:ΧW0\\\\\5=\37\}*e\n\bb#\rz0EU̲lw\\H\~!t\\n^ Jtej,BUD V\m:\\Qg\:SFfBz{%O\M	\!|Eb\ΐ\!)t\\'Ya4ecЯL\0əX?\~fUEY>c`.e[\\\fd$m*Όk\W/#g\0N\nX7z\%)\\\I*Ye\\T3{\jZ{()i,-\\\Z= Z\\{?\0Zn\\\\1][\#c\\\WlD\\\o\Y[\"80Av\gy\@:\'\5x\*%\r\\fp-\V\3heXۤ\Z(~\mHBt`\\<J\0Ǖ%\nrmzh]mAV=e\`\!\\]e2KHz\n\~bpf\@h\\*\Q\\nf\nU<B%\'rJ\\T\,\{_b-U\p\\\b\\\\_]%Dj\\\j뚀\nh?03]\\4l5*#Y\0|\\"pD+\s\rU\"\;M\Ft.I{\pD\*%\i\c]6]x^^\\蕦-\ǘv@e\\_\"@3e\c4`\|\kZF_x\MJa\iށ^\"Qv@Ozm\nb+mV1+<z\\\0\a\ֿS\yQ\Z\\\\PJTPe@GY\QIH\nR.4͐T0LQhX\0\j\\\}5R܉e	O+,\\u6b+~=\r\.^\3S\p\rAbpڭ3\0xMR\JQ\Ĩ\\"\1\Ԫ2\\Z\WJ\\!I\ͣs\\\u\H\\VK\\\XhC\0DP4+oNJiqr\a첾b))\&\<%O\$;\=\<B\r^WP\FY(OhO\aݰoVWk\\\\\ѢYgDK}{F&O/\\\!63\e2VD\\\\0\Ϙ\6Ν\\lMG\\\\_y_&\`KJ\0(~\ϣIՊn}\\C1\\+\.aCxAyYw\\|\$T\"m\Zr~	\'+\\[ 6ԲXˣlG0\s?\ϟF\\+Z|\ǻ7ZF\{\0[\0\h\m[\W4\O\?\\\rj`Y5+j\\c,\LA\wk:j?w`\"RK(c>c(z\M?\py\\\m\\\\{nIocJ|u\\k\IAtߴmv<JJ{\uZMC\	\\\\0vg\4|Ӿ0A\cHZ\w\\gZ\<Tt=(gU\t\~_\:;\\2S\\n\m\'\Z%s^\n_05aC\iwBOrW*\_\w\x\\0\Y\}\\MH{6\YＬe\\0\K}YuC%(`8@P0j\YzZWּE].^WX,\\0\Z#\+o\Z.@9a\)\7\0Wd~\\z^ѣE҈\l^r}\z34@9c\\M51K/H\ \m\p\nJ\\CvG`\\4\^`\\\0]L~\"$M0!\} -|ʺ\Q\L|z1G+[vWX\\\Zd\\\\Q\<!U#(\Zc@x\\$^Jf/\\E\;*_p\A\0\k\&!\'5\%da\h\a{t>\\V\չA/\R5\Z),\\cĂ\ȰA\m\*a,{!gj)_)x\\\ZX\0\\nGL\z]W\5\(\\"\\\#\T\}\rs\ZǯFBc\\\5ӻ,!Cg=\f\\n\.-z|/\n	`R<\B\\\B_C^Նxm4+c\$Ϗ\N\9GkqRv\\\V!3\0r\;X*]:& pJ`2\]\9R#r[\\5\\L3S㈰JTzc*j\ةF\\KΧ\"@,\09{A\YkK\tҿ\\Yt\\\|\<_A\"\u\~#=o\Zۡp\|A0bFI4*B\\\\\[>g\>\!\#.\\]\\r=\"SP\KZQ\\0Q\\Q{\\dU\5\v\X\\\"Y\\#7\\|}\0;\:azW\5bߞQޏJ\\\yb\d*\y\e\\\&Fu\\jnT\n\vz\\\t:ks>=OLzMJ\u,^\\x|-\\Z\\\\0\V\'+\\ZR9!y\0ס8:CS\','hardbop.jpg');
/*!40000 ALTER TABLE `eventimg` ENABLE KEYS */;
UNLOCK TABLES;

--
-- Table structure for table `eventmember`
--

DROP TABLE IF EXISTS `eventmember`;
/*!40101 SET @saved_cs_client     = @@character_set_client */;
/*!40101 SET character_set_client = utf8 */;
CREATE TABLE `eventmember` (
  `eventid` int(11) NOT NULL,
  `memberid` int(11) NOT NULL AUTO_INCREMENT,
  `confirmcode` varchar(45) NOT NULL,
  `confirmed` int(1) NOT NULL DEFAULT '0',
  `email` varchar(80) NOT NULL,
  `dt` datetime DEFAULT CURRENT_TIMESTAMP,
  PRIMARY KEY (`memberid`),
  UNIQUE KEY `IDX_EVENTMEMBER_EVENT` (`eventid`,`memberid`),
  CONSTRAINT `FK_EVENTMEMBER_EVENT` FOREIGN KEY (`eventid`) REFERENCES `event` (`id`) ON DELETE CASCADE ON UPDATE NO ACTION
) ENGINE=InnoDB AUTO_INCREMENT=59 DEFAULT CHARSET=utf8;
/*!40101 SET character_set_client = @saved_cs_client */;

--
-- Dumping data for table `eventmember`
--

LOCK TABLES `eventmember` WRITE;
/*!40000 ALTER TABLE `eventmember` DISABLE KEYS */;
INSERT INTO `eventmember` VALUES (68,44,'k8wa15m91480931309914',0,'eventservice@fbytes.com','2016-12-06 11:29:00'),(68,45,'wqe4f6uc1480931354250',0,'eventservice@fbytes.com','2016-12-06 11:29:00'),(68,46,'8ruy3vk91480937534394',0,'eventservice@fbytes.com','2016-12-06 11:29:00'),(68,47,'krtrqhfo1480937573019',0,'eventservice@fbytes.com','2016-12-06 11:29:00'),(68,48,'jtiug55s1480937614102',0,'eventservice@fbytes.com','2016-12-06 11:29:00'),(68,49,'jxsfcfyn1480937685120',0,'eventservice@fbytes.com','2016-12-06 11:29:00'),(68,50,'4fmyb9is1481016221216',0,'eventservice@fbytes.com','2016-12-06 11:29:00'),(68,51,'xvxkquld1481016262003',0,'eventservice@fbytes.com','2016-12-06 11:29:00'),(68,52,'cy16y0us1481016469113',0,'eventservice@fbytes.com','2016-12-06 11:29:00'),(68,53,'vjijuojk1481016561276',0,'eventservice@fbytes.com','2016-12-06 11:29:21'),(68,54,'5myqw9be1481016712587',1,'eventservice@fbytes.com','2016-12-06 11:31:52'),(68,55,'j615ffzk1481019824150',1,'eventservice@fbytes.com','2016-12-06 12:23:44'),(68,56,'64b5z0or1481028078400',1,'eventservice@fbytes.com','2016-12-06 14:41:18'),(68,57,'qzzurpwx1481213157227',0,'eventservice@fbytes.com','2016-12-08 18:05:57'),(190,58,'p710ll971481556201336',0,'eventservice@fbytes.com','2016-12-12 17:23:21');
/*!40000 ALTER TABLE `eventmember` ENABLE KEYS */;
UNLOCK TABLES;

--
-- Table structure for table `fields`
--

DROP TABLE IF EXISTS `fields`;
/*!40101 SET @saved_cs_client     = @@character_set_client */;
/*!40101 SET character_set_client = utf8 */;
CREATE TABLE `fields` (
  `id` int(11) NOT NULL AUTO_INCREMENT,
  `eventid` int(11) NOT NULL,
  `name` varchar(45) NOT NULL,
  `mandatory` int(1) NOT NULL DEFAULT '0',
  `maxlen` int(4) DEFAULT NULL,
  `mask` varchar(45) DEFAULT NULL,
  PRIMARY KEY (`id`)
) ENGINE=InnoDB AUTO_INCREMENT=102 DEFAULT CHARSET=utf8;
/*!40101 SET character_set_client = @saved_cs_client */;

--
-- Dumping data for table `fields`
--

LOCK TABLES `fields` WRITE;
/*!40000 ALTER TABLE `fields` DISABLE KEYS */;
INSERT INTO `fields` VALUES (1,68,'phone',1,NULL,NULL),(3,68,'lastname',1,NULL,NULL),(4,70,'phone',1,NULL,NULL),(6,70,'lastname',1,NULL,NULL),(7,69,'phone',1,NULL,NULL),(9,69,'lastname',1,NULL,NULL),(10,71,'phone',1,NULL,NULL),(12,71,'lastname',1,NULL,NULL),(33,130,'sdfgsdfg',1,30,''),(34,130,'xcvbxcvbxcvbxcvb',1,30,''),(35,130,'sdfgsdfg',1,30,''),(36,130,'xcvbxcvbxcvbxcvb',1,30,''),(39,132,'sdfgsdfg',1,30,''),(40,132,'xcvbxcvbxcvbxcvb',1,30,''),(41,133,'sdfgsdfg',1,30,''),(42,133,'xcvbxcvbxcvbxcvb',1,30,''),(43,134,'sdfgsdfgsdfg',1,30,''),(44,134,'zxcvzxcvzxcvzxcv',1,30,''),(45,135,'fsdgsdfgsdg',1,30,''),(46,135,'xcvbxcvbxcvbxvcb',1,30,''),(47,136,'ghdghdfghdfh',1,30,''),(48,136,'cvbncvbnvbnvbn',1,30,''),(49,137,'sfdgsdfgsdfg',1,30,''),(50,137,'xcvbxcvbxcvbxcvb',1,30,''),(51,139,'nfncvbncvbn',1,30,''),(52,149,'zzzzzzzzzzzzzzz',1,30,''),(53,155,'phone',1,30,''),(54,155,'lastname',1,30,''),(55,156,'phone',1,30,''),(56,156,'lastname',1,30,''),(57,174,'aaaaaaaaa',1,30,''),(58,174,'vvvvvvvvvvvvvv',1,30,''),(59,175,'name',1,30,''),(60,175,'lastname',1,30,''),(61,175,'phone',1,30,''),(62,175,'tz',1,30,''),(63,175,'facebook link',1,30,''),(64,176,'name',1,30,''),(65,176,'lastname',1,30,''),(66,176,'phone',1,30,''),(67,176,'tz',1,30,''),(68,176,'facebook link',1,30,''),(69,177,'name',1,30,''),(70,177,'lastname',1,30,''),(71,177,'phone',1,30,''),(72,177,'tz',1,30,''),(73,177,'facebook link',1,30,''),(74,178,'name',1,30,''),(75,178,'lastname',1,30,''),(76,178,'phone',1,30,''),(77,178,'tz',1,30,''),(78,178,'facebook link',1,30,''),(79,179,'name',1,30,''),(80,179,'lastname',1,30,''),(81,179,'phone',1,30,''),(82,179,'tz',1,30,''),(83,179,'facebook link',1,30,''),(84,180,'name',1,30,''),(85,180,'lastname',1,30,''),(86,180,'phone',1,30,''),(87,180,'tz',1,30,''),(88,180,'facebook link',1,30,''),(89,181,'name',1,30,''),(90,181,'lastname',1,30,''),(91,181,'phone',1,30,''),(92,181,'tz',1,30,''),(93,181,'facebook link',1,30,''),(94,190,'phone',1,30,''),(95,190,'name',1,30,''),(96,190,'lastname',1,30,''),(97,190,'tz',1,30,''),(98,190,'facebook link',1,30,''),(99,190,'city',1,30,''),(100,190,'address',1,30,''),(101,190,'postal code',1,30,'');
/*!40000 ALTER TABLE `fields` ENABLE KEYS */;
UNLOCK TABLES;

--
-- Table structure for table `memberdata`
--

DROP TABLE IF EXISTS `memberdata`;
/*!40101 SET @saved_cs_client     = @@character_set_client */;
/*!40101 SET character_set_client = utf8 */;
CREATE TABLE `memberdata` (
  `id` int(11) NOT NULL AUTO_INCREMENT,
  `memberid` int(11) NOT NULL,
  `fieldid` int(11) NOT NULL,
  `data` varchar(150) NOT NULL,
  PRIMARY KEY (`id`),
  KEY `FK_DATAFIELDS_idx` (`fieldid`),
  KEY `FK_DATAMEMBER_idx` (`memberid`),
  CONSTRAINT `FK_DATAMEMBER_EVENT` FOREIGN KEY (`memberid`) REFERENCES `eventmember` (`memberid`) ON DELETE CASCADE ON UPDATE NO ACTION,
  CONSTRAINT `FK_DATAMEMBER_FIELD` FOREIGN KEY (`fieldid`) REFERENCES `fields` (`id`) ON DELETE NO ACTION ON UPDATE NO ACTION
) ENGINE=InnoDB AUTO_INCREMENT=118 DEFAULT CHARSET=utf8;
/*!40101 SET character_set_client = @saved_cs_client */;

--
-- Dumping data for table `memberdata`
--

LOCK TABLES `memberdata` WRITE;
/*!40000 ALTER TABLE `memberdata` DISABLE KEYS */;
INSERT INTO `memberdata` VALUES (82,44,1,'123-4569987736'),(83,44,3,'Arobum Nipadush'),(84,45,1,'123-4569987736'),(85,45,3,'Arobum Nipadush'),(86,46,1,'123-987459867'),(87,46,3,'Arobum Nipadush'),(88,47,1,'123-4569987736'),(89,47,3,'Arobum Nipadush'),(90,48,1,'123-4569987736'),(91,48,3,'Arobum Nipadush'),(92,49,1,'123-4569987736'),(93,49,3,'Arobum Nipadush'),(94,50,1,'123-4569987736'),(95,50,3,'Arobum Nipadush'),(96,51,1,'123-987459867'),(97,51,3,'Arobum Nipadush'),(98,52,1,'123-987459867'),(99,52,3,'Arobum Nipadush'),(100,53,1,'123-4569987736'),(101,53,3,'Arobum Nipadush'),(102,54,1,'123-4569987736'),(103,54,3,'Arobum Nipadush'),(104,55,1,'123-4569987736'),(105,55,3,'Arobum Nipadush'),(106,56,1,'89264407764'),(107,56,3,'Grigoryan'),(108,57,1,'123-4569987736'),(109,57,3,'Arobum Nipadush'),(110,58,94,'111-045-86923494'),(111,58,95,'Nikolay'),(112,58,96,'Prostokvashenkov'),(113,58,97,'148070468'),(114,58,98,'http://somefblink.com'),(115,58,99,'Ashkelon'),(116,58,100,'Bar Kohba, 209'),(117,58,101,'113994');
/*!40000 ALTER TABLE `memberdata` ENABLE KEYS */;
UNLOCK TABLES;

--
-- Table structure for table `usr`
--

DROP TABLE IF EXISTS `usr`;
/*!40101 SET @saved_cs_client     = @@character_set_client */;
/*!40101 SET character_set_client = utf8 */;
CREATE TABLE `usr` (
  `id` int(11) NOT NULL AUTO_INCREMENT,
  `name` varchar(45) NOT NULL,
  `passwd` varchar(60) NOT NULL,
  `email` varchar(45) NOT NULL,
  PRIMARY KEY (`id`),
  UNIQUE KEY `IDX_USR_NAME` (`name`),
  UNIQUE KEY `IDX_USR_EMAIL` (`email`)
) ENGINE=InnoDB AUTO_INCREMENT=2 DEFAULT CHARSET=utf8;
/*!40101 SET character_set_client = @saved_cs_client */;

--
-- Dumping data for table `usr`
--

LOCK TABLES `usr` WRITE;
/*!40000 ALTER TABLE `usr` DISABLE KEYS */;
INSERT INTO `usr` VALUES (1,'Sevick','47bce5c74f589f4867dbd57e9ca9f808','eventservice@fbytes.com');
/*!40000 ALTER TABLE `usr` ENABLE KEYS */;
UNLOCK TABLES;

--
-- Temporary view structure for view `v_eventdata`
--

DROP TABLE IF EXISTS `v_eventdata`;
/*!50001 DROP VIEW IF EXISTS `v_eventdata`*/;
SET @saved_cs_client     = @@character_set_client;
SET character_set_client = utf8;
/*!50001 CREATE VIEW `v_eventdata` AS SELECT 
 1 AS `id`,
 1 AS `name`,
 1 AS `dt`,
 1 AS `regstart`,
 1 AS `regend`,
 1 AS `info`,
 1 AS `price`,
 1 AS `currency`,
 1 AS `minmembers`,
 1 AS `maxmembers`,
 1 AS `memberscount`,
 1 AS `imgslist`,
 1 AS `fields`,
 1 AS `vacancies`*/;
SET character_set_client = @saved_cs_client;

--
-- Temporary view structure for view `v_eventfields`
--

DROP TABLE IF EXISTS `v_eventfields`;
/*!50001 DROP VIEW IF EXISTS `v_eventfields`*/;
SET @saved_cs_client     = @@character_set_client;
SET character_set_client = utf8;
/*!50001 CREATE VIEW `v_eventfields` AS SELECT 
 1 AS `fields`,
 1 AS `eventid`*/;
SET character_set_client = @saved_cs_client;

--
-- Temporary view structure for view `v_memberdata`
--

DROP TABLE IF EXISTS `v_memberdata`;
/*!50001 DROP VIEW IF EXISTS `v_memberdata`*/;
SET @saved_cs_client     = @@character_set_client;
SET character_set_client = utf8;
/*!50001 CREATE VIEW `v_memberdata` AS SELECT 
 1 AS `eventid`,
 1 AS `memberid`,
 1 AS `email`,
 1 AS `confirmed`,
 1 AS `fieldid`,
 1 AS `fieldname`,
 1 AS `data`*/;
SET character_set_client = @saved_cs_client;

--
-- Temporary view structure for view `v_pivotdata`
--

DROP TABLE IF EXISTS `v_pivotdata`;
/*!50001 DROP VIEW IF EXISTS `v_pivotdata`*/;
SET @saved_cs_client     = @@character_set_client;
SET character_set_client = utf8;
/*!50001 CREATE VIEW `v_pivotdata` AS SELECT 
 1 AS `eventid`,
 1 AS `pivotsql`*/;
SET character_set_client = @saved_cs_client;

--
-- Dumping events for database 'register'
--

--
-- Dumping routines for database 'register'
--
/*!50003 DROP PROCEDURE IF EXISTS `Pivot` */;
/*!50003 SET @saved_cs_client      = @@character_set_client */ ;
/*!50003 SET @saved_cs_results     = @@character_set_results */ ;
/*!50003 SET @saved_col_connection = @@collation_connection */ ;
/*!50003 SET character_set_client  = utf8 */ ;
/*!50003 SET character_set_results = utf8 */ ;
/*!50003 SET collation_connection  = utf8_general_ci */ ;
/*!50003 SET @saved_sql_mode       = @@sql_mode */ ;
/*!50003 SET sql_mode              = 'STRICT_TRANS_TABLES,NO_AUTO_CREATE_USER,NO_ENGINE_SUBSTITUTION' */ ;
DELIMITER ;;
CREATE DEFINER=`root`@`localhost` PROCEDURE `Pivot`(
    IN tbl_name VARCHAR(99),       -- table name (or db.tbl)
    IN base_cols VARCHAR(99),      -- column(s) on the left, separated by commas
    IN pivot_col VARCHAR(64),      -- name of column to put across the top
    IN tally_col VARCHAR(64),      -- name of column to SUM up
    IN where_clause VARCHAR(99),   -- empty string or "WHERE ..."
    IN order_by VARCHAR(99)        -- empty string or "ORDER BY ..."; usually the base_cols
    )
    DETERMINISTIC
    SQL SECURITY INVOKER
BEGIN
    -- Find the distinct values
    -- Build the SUM()s
    SET @subq = CONCAT('SELECT DISTINCT ', pivot_col, ' AS val ',
                    ' FROM ', tbl_name, ' ', where_clause, ' ORDER BY 1');
    -- select @subq;

    SET @cc1 = "CONCAT('SUM(IF(&p = ', &v, ', &t, 0)) AS ', &v)";
    SET @cc2 = REPLACE(@cc1, '&p', pivot_col);
    SET @cc3 = REPLACE(@cc2, '&t', tally_col);
    -- select @cc2, @cc3;
    SET @qval = CONCAT("'\"', val, '\"'");
    -- select @qval;
    SET @cc4 = REPLACE(@cc3, '&v', @qval);
    -- select @cc4;

    SET SESSION group_concat_max_len = 10000;   -- just in case
    SET @stmt = CONCAT(
            'SELECT  GROUP_CONCAT(', @cc4, ' SEPARATOR ",\n")  INTO @sums',
            ' FROM ( ', @subq, ' ) AS top');
     select @stmt;
    PREPARE _sql FROM @stmt;
    EXECUTE _sql;                      -- Intermediate step: build SQL for columns
    DEALLOCATE PREPARE _sql;
    -- Construct the query and perform it
    SET @stmt2 = CONCAT(
            'SELECT ',
                base_cols, ',\n',
                @sums,
                ',\n SUM(', tally_col, ') AS Total'
            '\n FROM ', tbl_name, ' ',
            where_clause,
            ' GROUP BY ', base_cols,
            '\n WITH ROLLUP',
            '\n', order_by
        );
    select @stmt2;                    -- The statement that generates the result
    PREPARE _sql FROM @stmt2;
    EXECUTE _sql;                     -- The resulting pivot table ouput
    DEALLOCATE PREPARE _sql;
    -- For debugging / tweaking, SELECT the various @variables after CALLing.
END ;;
DELIMITER ;
/*!50003 SET sql_mode              = @saved_sql_mode */ ;
/*!50003 SET character_set_client  = @saved_cs_client */ ;
/*!50003 SET character_set_results = @saved_cs_results */ ;
/*!50003 SET collation_connection  = @saved_col_connection */ ;

--
-- Final view structure for view `v_eventdata`
--

/*!50001 DROP VIEW IF EXISTS `v_eventdata`*/;
/*!50001 SET @saved_cs_client          = @@character_set_client */;
/*!50001 SET @saved_cs_results         = @@character_set_results */;
/*!50001 SET @saved_col_connection     = @@collation_connection */;
/*!50001 SET character_set_client      = utf8 */;
/*!50001 SET character_set_results     = utf8 */;
/*!50001 SET collation_connection      = utf8_general_ci */;
/*!50001 CREATE ALGORITHM=UNDEFINED */
/*!50013 DEFINER=`root`@`localhost` SQL SECURITY DEFINER */
/*!50001 VIEW `v_eventdata` AS select `eventdata`.`id` AS `id`,`eventdata`.`name` AS `name`,`eventdata`.`dt` AS `dt`,`eventdata`.`regstart` AS `regstart`,`eventdata`.`regend` AS `regend`,`eventdata`.`info` AS `info`,`eventdata`.`price` AS `price`,`eventdata`.`currency` AS `currency`,`eventdata`.`minmembers` AS `minmembers`,`eventdata`.`maxmembers` AS `maxmembers`,ifnull(`memberscount`.`memberscount`,0) AS `memberscount`,`imgs`.`imgslist` AS `imgslist`,`eventfields`.`fields` AS `fields`,(`eventdata`.`maxmembers` - ifnull(`memberscount`.`memberscount`,0)) AS `vacancies` from (((((select `register`.`event`.`id` AS `id`,`register`.`event`.`name` AS `name`,`register`.`event`.`dt` AS `dt`,`register`.`event`.`regstart` AS `regstart`,`register`.`event`.`regend` AS `regend`,`register`.`event`.`info` AS `info`,`register`.`event`.`price` AS `price`,`register`.`event`.`currency` AS `currency`,`register`.`event`.`minmembers` AS `minmembers`,`register`.`event`.`maxmembers` AS `maxmembers` from `register`.`event`)) `eventdata` left join (select `register`.`eventmember`.`eventid` AS `eventid`,count(1) AS `memberscount` from `register`.`eventmember` group by `register`.`eventmember`.`eventid`) `memberscount` on((`memberscount`.`eventid` = `eventdata`.`id`))) left join (select `register`.`eventimg`.`eventid` AS `eventid`,group_concat(`register`.`eventimg`.`name` separator '|') AS `imgslist` from `register`.`eventimg` group by `register`.`eventimg`.`eventid`) `imgs` on((`eventdata`.`id` = `imgs`.`eventid`))) left join (select concat('{"fields":[',group_concat(json_object('id',`register`.`fields`.`id`,'name',`register`.`fields`.`name`,'mandatory',(case when (`register`.`fields`.`mandatory` = 0) then 'false' else 'true' end),'maxlen',`register`.`fields`.`maxlen`,'mask',`register`.`fields`.`mask`) separator ','),']}') AS `fields`,`register`.`fields`.`eventid` AS `eventid` from `register`.`fields` group by `register`.`fields`.`eventid`) `eventfields` on((`eventdata`.`id` = `eventfields`.`eventid`))) */;
/*!50001 SET character_set_client      = @saved_cs_client */;
/*!50001 SET character_set_results     = @saved_cs_results */;
/*!50001 SET collation_connection      = @saved_col_connection */;

--
-- Final view structure for view `v_eventfields`
--

/*!50001 DROP VIEW IF EXISTS `v_eventfields`*/;
/*!50001 SET @saved_cs_client          = @@character_set_client */;
/*!50001 SET @saved_cs_results         = @@character_set_results */;
/*!50001 SET @saved_col_connection     = @@collation_connection */;
/*!50001 SET character_set_client      = utf8 */;
/*!50001 SET character_set_results     = utf8 */;
/*!50001 SET collation_connection      = utf8_general_ci */;
/*!50001 CREATE ALGORITHM=UNDEFINED */
/*!50013 DEFINER=`root`@`localhost` SQL SECURITY DEFINER */
/*!50001 VIEW `v_eventfields` AS select group_concat(json_object('id',`fields`.`id`,'name',`fields`.`name`,'mandatory',(case when (`fields`.`mandatory` = 0) then 'false' else 'true' end)) separator '|') AS `fields`,`fields`.`eventid` AS `eventid` from `fields` group by `fields`.`eventid` */;
/*!50001 SET character_set_client      = @saved_cs_client */;
/*!50001 SET character_set_results     = @saved_cs_results */;
/*!50001 SET collation_connection      = @saved_col_connection */;

--
-- Final view structure for view `v_memberdata`
--

/*!50001 DROP VIEW IF EXISTS `v_memberdata`*/;
/*!50001 SET @saved_cs_client          = @@character_set_client */;
/*!50001 SET @saved_cs_results         = @@character_set_results */;
/*!50001 SET @saved_col_connection     = @@collation_connection */;
/*!50001 SET character_set_client      = utf8 */;
/*!50001 SET character_set_results     = utf8 */;
/*!50001 SET collation_connection      = utf8_general_ci */;
/*!50001 CREATE ALGORITHM=UNDEFINED */
/*!50013 DEFINER=`root`@`localhost` SQL SECURITY DEFINER */
/*!50001 VIEW `v_memberdata` AS select `flds`.`eventid` AS `eventid`,`members`.`memberid` AS `memberid`,`members`.`email` AS `email`,`members`.`confirmed` AS `confirmed`,`flds`.`id` AS `fieldid`,`flds`.`fieldname` AS `fieldname`,`memberdata`.`data` AS `data` from ((((select `register`.`eventmember`.`memberid` AS `memberid`,`register`.`eventmember`.`eventid` AS `eventid`,`register`.`eventmember`.`email` AS `email`,`register`.`eventmember`.`confirmed` AS `confirmed` from `register`.`eventmember`)) `members` left join (select `register`.`fields`.`id` AS `id`,`register`.`fields`.`name` AS `fieldname`,`register`.`fields`.`eventid` AS `eventid` from `register`.`fields`) `flds` on((`flds`.`eventid` = `members`.`eventid`))) left join (select `register`.`memberdata`.`memberid` AS `memberid`,`register`.`memberdata`.`fieldid` AS `fieldid`,`register`.`memberdata`.`data` AS `data` from `register`.`memberdata`) `memberdata` on(((`flds`.`id` = `memberdata`.`fieldid`) and (`members`.`memberid` = `memberdata`.`memberid`)))) order by `flds`.`eventid`,`members`.`memberid`,`flds`.`id` */;
/*!50001 SET character_set_client      = @saved_cs_client */;
/*!50001 SET character_set_results     = @saved_cs_results */;
/*!50001 SET collation_connection      = @saved_col_connection */;

--
-- Final view structure for view `v_pivotdata`
--

/*!50001 DROP VIEW IF EXISTS `v_pivotdata`*/;
/*!50001 SET @saved_cs_client          = @@character_set_client */;
/*!50001 SET @saved_cs_results         = @@character_set_results */;
/*!50001 SET @saved_col_connection     = @@collation_connection */;
/*!50001 SET character_set_client      = utf8 */;
/*!50001 SET character_set_results     = utf8 */;
/*!50001 SET collation_connection      = utf8_general_ci */;
/*!50001 CREATE ALGORITHM=UNDEFINED */
/*!50013 DEFINER=`root`@`localhost` SQL SECURITY DEFINER */
/*!50001 VIEW `v_pivotdata` AS select `fields`.`eventid` AS `eventid`,concat('select eventid,memberid, email, ',group_concat(concat('max(case when fieldname=\'',`fields`.`name`,'\' then data end) AS \'',`fields`.`name`,'\'') separator ','),',confirmed from v_memberdata group by eventid,memberid,email HAVING eventid=?') AS `pivotsql` from `fields` group by `fields`.`eventid` */;
/*!50001 SET character_set_client      = @saved_cs_client */;
/*!50001 SET character_set_results     = @saved_cs_results */;
/*!50001 SET collation_connection      = @saved_col_connection */;
/*!40103 SET TIME_ZONE=@OLD_TIME_ZONE */;

/*!40101 SET SQL_MODE=@OLD_SQL_MODE */;
/*!40014 SET FOREIGN_KEY_CHECKS=@OLD_FOREIGN_KEY_CHECKS */;
/*!40014 SET UNIQUE_CHECKS=@OLD_UNIQUE_CHECKS */;
/*!40101 SET CHARACTER_SET_CLIENT=@OLD_CHARACTER_SET_CLIENT */;
/*!40101 SET CHARACTER_SET_RESULTS=@OLD_CHARACTER_SET_RESULTS */;
/*!40101 SET COLLATION_CONNECTION=@OLD_COLLATION_CONNECTION */;
/*!40111 SET SQL_NOTES=@OLD_SQL_NOTES */;

-- Dump completed on 2016-12-12 17:54:49
